company_name,edinet_code,industry,year,total_assets,sales,net_income,rd_expense,total_debt,employees,capex,patent_count,citation_weighted_patents,gdp_growth,exchange_rate,inflation,rd_missing,roa,rd_intensity,leverage,capex_intensity,log_assets,log_employees,log_sales,firm_age,log_age,high_tech,rd_intensity_lag1,roa_lag1,rd_intensity_x_hightech,rd_intensity_x_size
旭化成,E00540,化学,2010,2683021.675108854,3626869.296306116,54094.48794936956,55027.73137141253,1295761.0365386838,57,183188.4027631694,25,39.29649475645185,-0.5811560833991853,116.5132929905726,0.7575515207006618,0,0.02016177821119349,0.01643890707776566,0.482948404241316,0.06827690005737176,14.802454208059011,4.060443010546419,15.103880381306402,30,3.4011973816621555,0,,,0.0,0.24333616924916338
旭化成,E00540,化学,2011,2165857.1000667345,1084275.7957637222,34777.73773579051,95339.11089152495,473194.9162515298,48,132412.46649112288,15,26.975322989306928,1.2191672353072176,107.20201902686414,0.7077001172147932,0,0.016057263304545318,0.08792883809083993,0.21847928759332724,0.061136289410341514,14.588326730251604,3.8918202981106265,13.896422852757672,31,3.4339872044851463,0,0.01643890707776566,0.02016177821119349,0.0,1.2827346190805655
旭化成,E00540,化学,2012,6446497.694274543,8047939.833667508,144404.62017984223,349139.81426785333,2278400.366871117,147,354489.3485258686,22,61.11108132077518,0.25514172558166764,113.34764297847117,0.5197878038395656,0,0.022400476511159725,0.04338250800624433,0.35343227825780166,0.054989447811438504,15.679047548162066,4.997212273764115,15.900926695357766,32,3.4657359027997265,0,0.08792883809083993,0.016057263304545318,0.0,0.6801964057884263
旭化成,E00540,化学,2013,4517849.712995248,6632031.427534413,343692.1909979949,132994.14054646494,1561556.9357640175,96,215104.72310096739,22,64.8070165323177,-0.7213545057104607,125.1032421328801,-0.3406231412065035,0,0.07607428596161371,0.020053303727468632,0.34564162930703934,0.04761219092397765,15.323546711400882,4.574710978503383,15.707421714557816,33,3.4965075614664802,0,0.04338250800624433,0.022400476511159725,0.0,0.307287736385775
旭化成,E00540,化学,2014,3173397.4553293684,3989904.175360901,232433.27781557132,89560.58537402953,1741725.3604113308,73,125217.53248297896,15,39.89413553959841,-0.38855197529912316,110.94455589786818,1.1139603672824279,0,0.07324430081243856,0.02244680108537405,0.5488519433600404,0.03945850913590733,14.970313324406645,4.30406509320417,15.199277772377377,34,3.5263605246161616,0,0.020053303727468632,0.07607428596161371,0.0,0.3360356453786807
旭化成,E00540,化学,2015,2502804.269171413,1747114.655217892,92651.69321745877,127412.64150017797,694781.4952842867,45,129185.28213653051,16,37.42582564589457,2.298698134681661,110.147798624367,-0.43552935746028254,0,0.03701915261960631,0.07292746421630104,0.2776012107068618,0.05161621455092812,14.732922368863006,3.828641396489095,14.373476216738208,35,3.5553480614894135,0,0.02244680108537405,0.07324430081243856,0.0,1.074434668856798
旭化成,E00540,化学,2016,3812737.1557969605,3344256.477427086,121309.59272794823,172085.2361088175,1721265.9675391787,73,184138.42508369693,23,63.84571787872401,0.09550141723462541,109.76123098766438,1.4498917485462928,0,0.0318169304022195,0.05145694933099504,0.45145151559218605,0.048295599082598506,15.153857902762368,4.30406509320417,15.022754948040784,36,3.58351893845611,0,0.07292746421630104,0.03701915261960631,0.0,0.7797712982715419
旭化成,E00540,化学,2017,9963941.051472152,7168169.747617868,544206.7332179353,485437.43609857076,5567757.189098912,238,615771.3588313727,25,41.56076113599417,-0.2644956605163637,102.22926717245187,0.4214479436869034,0,0.05461761871197842,0.06772125287070549,0.5587906592719442,0.061799980113330134,16.114483239195778,5.476463551931511,15.785160914664802,37,3.6109179126442243,0,0.05145694933099504,0.0318169304022195,0.0,1.0912929943223226
旭化成,E00540,化学,2018,4816630.442719421,5829243.545690123,53136.1766754361,224058.76079905918,2048850.884594647,77,262891.2387354775,26,52.44958783818677,1.901354543168573,122.15628651771861,-0.47616849068915346,0,0.011494314463981099,0.03843702172380806,0.4253701646742668,0.054579906401756605,15.387585163283646,4.356708826689592,15.578397797882445,38,3.6375861597263857,0,0.06772125287070549,0.05461761871197842,0.0,0.59145294519808
旭化成,E00540,化学,2019,11476138.941781601,12383232.715075726,791514.3603705348,278673.3487849959,4190158.8541174647,246,659675.3008989524,11,30.7054446694274,1.4972722579210673,123.75598549918328,0.19698547356686724,0,0.06897044070186702,0.02250408719572317,0.365119216086013,0.05748233828864238,16.25578056317127,5.5093883366279774,16.33185391513021,39,3.6635616461296463,0,0.03843702172380806,0.011494314463981099,0.0,0.36582150322814816
旭化成,E00540,化学,2020,9869995.986588556,8611534.485125078,322599.4518019815,315007.04639946035,4685951.511582099,183,736877.4183987103,16,28.232860094287382,-0.017409445273780966,108.60923353848315,0.25441963503319864,0,0.032684861497444644,0.036579664976500996,0.4747673168205351,0.07465833009455995,16.105010004782283,5.214935757608986,15.968613081793272,40,3.6888794541139363,0,0.02250408719572317,0.06897044070186702,0.0,0.5891158704181326
旭化成,E00540,化学,2021,2738567.9490993023,3815897.8135939166,103265.91596749192,102524.92271298084,1420124.9835709843,47,85432.6479920708,15,39.7893309789345,1.2995204765023267,101.67474423029421,0.13676662999973632,0,0.03770799844548514,0.026867837589293325,0.5185648156139615,0.031196103065534324,14.822945695422938,3.871201010907891,15.154686532783463,41,3.713572066704308,0,0.036579664976500996,0.032684861497444644,0.0,0.39826049753953807
旭化成,E00540,化学,2022,3475461.2063327585,1900230.8289059433,169765.15835857636,91302.33474316324,1069146.8417973793,72,129309.96096959148,17,41.419813238781764,0.0852955450836137,117.46913659487416,0.7346965493198885,0,0.04884679997268891,0.048048023089768785,0.30762732723048375,0.0372065614583674,15.061237749421181,4.290459441148391,14.457485925655355,42,3.7376696182833684,0,0.026867837589293325,0.03770799844548514,0.0,0.7236626991446862
旭化成,E00540,化学,2023,5867372.062607214,8348685.575659659,275961.7909203437,312615.32318887726,2707007.9015149274,103,177821.65450533258,18,45.28855092095624,1.2105145418484915,102.21963251378628,1.3398796233489836,0,0.04703328644846802,0.0374448552836027,0.46136632765573193,0.030426686306343594,15.58491740205668,4.6443908991413725,15.937614668347162,43,3.7612001156935624,0,0.048048023089768785,0.04884679997268891,0.0,0.5835749767269138
信越化学工業,E00776,化学,2010,2261060.179047818,1361737.6692207868,128949.73670082419,51426.04716845435,842085.7981218307,47,171314.25452464254,30,53.13820659716553,-0.5811560833991853,116.5132929905726,0.7575515207006618,0,0.05703065221162214,0.037765017690875334,0.3724296265641419,0.07576722464626605,14.631344367026124,3.871201010907891,14.124272140107282,30,3.4011973816621555,0,,,0.0,0.5525529788620307
信越化学工業,E00776,化学,2011,8609086.523226611,5471921.930360389,222911.82771835392,494249.3153280533,5093068.38601866,147,653494.3499311068,16,43.20421117398836,1.2191672353072176,107.20201902686414,0.7077001172147932,0,0.025892622535150046,0.09032462846111938,0.5915921941634549,0.07590751331956445,15.968328775912111,4.997212273764115,15.515140471070245,31,3.4339872044851463,0,0.037765017690875334,0.05703065221162214,0.0,1.4423333638292628
信越化学工業,E00776,化学,2012,5995681.0139061855,8265985.052763632,325835.4686362715,182750.00558206483,1308744.2699616484,124,243114.1716742162,19,37.71840845150767,0.25514172558166764,113.34764297847117,0.5197878038395656,0,0.054345030678006286,0.022108678447339387,0.21828117055029944,0.04054821647621766,15.606549936973952,4.8283137373023015,15.92765946577292,32,3.4657359027997265,0,0.09032462846111938,0.025892622535150046,0.0,0.34504019422890186
信越化学工業,E00776,化学,2013,2565076.0228253584,2891161.038023588,70579.0108246656,141538.20443280452,1360342.1402297677,56,123954.14619680162,26,68.95633816921368,-0.7213545057104607,125.1032421328801,-0.3406231412065035,0,0.02751536804235721,0.048955489705118864,0.5303320946922225,0.048323770950176224,14.7574986746762,4.04305126783455,14.877168722672154,33,3.4965075614664802,0,0.022108678447339387,0.054345030678006286,0.0,0.722460574441416
信越化学工業,E00776,化学,2014,6123804.887391081,5620399.163086115,204218.80300193085,238844.5172531365,1543193.2440788466,108,294411.3859303085,26,77.44079732946814,-0.38855197529912316,110.94455589786818,1.1139603672824279,0,0.03334835233278211,0.042496006123876245,0.25199908756993267,0.04807654576593414,15.627694174930651,4.6913478822291435,15.541913244807848,34,3.5263605246161616,0,0.048955489705118864,0.02751536804235721,0.0,0.6641145873599181
信越化学工業,E00776,化学,2015,3363598.634453542,4418558.151894526,208876.72775420468,146163.99505242865,894413.2960045607,67,154672.77021169607,21,49.572581724054835,2.298698134681661,110.147798624367,-0.43552935746028254,0,0.06209918318275785,0.03307956804636792,0.2659096382199207,0.0459843123455259,15.028521980963138,4.219507705176107,15.301323990857219,35,3.5553480614894135,0,0.042496006123876245,0.03334835233278211,0.0,0.49713701550560613
信越化学工業,E00776,化学,2016,8816431.976080492,10623894.504042763,127771.88111037137,335315.686438244,3071597.0947642955,154,526923.1386742552,17,42.57272141423205,0.09550141723462541,109.76123098766438,1.4498917485462928,0,0.014492470588671714,0.031562407393131084,0.34839457765882187,0.05976603007926894,15.992127808276106,5.043425116919247,16.178616220683196,36,3.58351893845611,0,0.03307956804636792,0.06209918318275785,0.0,0.5047500529678309
信越化学工業,E00776,化学,2017,8310305.156971726,4171574.5126677435,116170.02006764624,212323.72827559797,2160983.7707340997,154,371640.33536078635,19,31.729849433746036,-0.2644956605163637,102.22926717245187,0.4214479436869034,0,0.013979031801279676,0.05089774319764358,0.2600366328210217,0.04472041980901362,15.933006887814654,5.043425116919247,15.243804103484704,37,3.6109179126442243,0,0.031562407393131084,0.014492470588671714,0.0,0.8109540929422766
信越化学工業,E00776,化学,2018,4445190.529607392,6049408.954032367,149981.67832253885,240306.02429604926,2616578.074603589,104,339302.6963084309,23,51.26194477756067,1.901354543168573,122.15628651771861,-0.47616849068915346,0,0.033740213681186244,0.03972388478313538,0.5886312537507116,0.0763302931670735,15.307333289815203,4.653960350157523,15.615471131686329,38,3.6375861597263857,0,0.05089774319764358,0.013979031801279676,0.0,0.6080667439416717
信越化学工業,E00776,化学,2019,1843381.9670846027,2466250.4910874553,111596.66067410789,99189.25105042933,395523.3432452538,39,108116.893025357,19,30.547564878837584,1.4972722579210673,123.75598549918328,0.19698547356686724,0,0.06053908667155043,0.040218644216749186,0.21456396466262118,0.058651378257946765,14.427112468072567,3.6888794541139363,14.718209535442087,39,3.6635616461296463,0,0.03972388478313538,0.033740213681186244,0.0,0.5802389034284368
信越化学工業,E00776,化学,2020,6363590.608507231,9482099.57342214,483776.1346471252,366092.2316744277,2995530.3791994792,149,387923.18790229416,25,53.15060004304066,-0.017409445273780966,108.60923353848315,0.25441963503319864,0,0.07602251062480106,0.038608773177257735,0.47072958703453893,0.06095979640545938,15.666103337097693,5.0106352940962555,16.064916323699137,40,3.6888794541139363,0,0.040218644216749186,0.06053908667155043,0.0,0.6048490303134854
信越化学工業,E00776,化学,2021,5854329.437858506,6652057.016796769,460762.94572403724,276234.19329047226,3003499.7954409868,111,377596.71325379383,16,33.10322332566515,1.2995204765023267,101.67474423029421,0.13676662999973632,0,0.07870464937357245,0.04152613132944703,0.5130390811316653,0.06449871283497798,15.582692020335298,4.718498871295094,15.710436690634765,41,3.713572066704308,0,0.038608773177257735,0.07602251062480106,0.0,0.6470889153027699
信越化学工業,E00776,化学,2022,8473259.995001405,10184433.88324774,620063.4960055259,438418.1153732126,1828821.8237522135,157,670374.0634665695,16,37.79885471401765,0.0852955450836137,117.46913659487416,0.7346965493198885,0,0.07317885871215062,0.04304786308194917,0.21583449874441274,0.0791164278993021,15.95242587982742,5.062595033026967,16.136371022715583,42,3.7376696182833684,0,0.04152613132944703,0.07870464937357245,0.0,0.6867178450997533
信越化学工業,E00776,化学,2023,7565388.729374867,6825519.438378518,218714.27484233168,177501.38267336806,2975522.8245353713,150,599293.4281589792,15,29.61555190053128,1.2105145418484915,102.21963251378628,1.3398796233489836,0,0.028909852839829445,0.026005549361608087,0.3933073277493357,0.07921515332477821,15.839094289128946,5.017279836814924,15.736179004326544,43,3.7612001156935624,0,0.04304786308194917,0.07317885871215062,0.0,0.41190434837910755
東レ,E00873,繊維製品,2010,4648015.829476057,6761117.252016528,219460.34987742722,150086.51067834045,2734253.5258663064,93,196384.093216187,15,41.90728927185763,-0.5811560833991853,116.5132929905726,0.7575515207006618,0,0.04721592135846183,0.022198477719577576,0.5882625245221084,0.042251167040092505,15.35195098316128,4.543294782270004,15.72669870832985,30,3.4011973816621555,0,,,0.0,0.34078994185175276
東レ,E00873,繊維製品,2011,1321626.380802879,836487.9477021907,51041.875523780196,37781.6673951739,693319.605531451,25,80952.75426027883,17,25.95497774893735,1.2191672353072176,107.20201902686414,0.7077001172147932,0,0.03862050293879016,0.04516701943998009,0.5245957674590787,0.061252374677252266,14.094373642810886,3.258096538021482,13.636967391298274,31,3.4339872044851463,0,0.022198477719577576,0.04721592135846183,0.0,0.6366008483191823
東レ,E00873,繊維製品,2012,10053499.51908914,14226548.069642141,680616.785558881,398687.1917570028,5303248.779736782,204,497666.43063451507,24,46.02678373104926,0.25514172558166764,113.34764297847117,0.5197878038395656,0,0.06769948954257729,0.028024169306942178,0.52750276355683,0.04950181075650007,16.12343134271267,5.3230099791384085,16.470620359446762,32,3.4657359027997265,0,0.04516701943998009,0.03862050293879016,0.0,0.45184576975703794
東レ,E00873,繊維製品,2013,6788304.200838434,6596074.893426054,188386.6653391733,301967.6287896648,2647087.010934431,126,436462.45759138075,18,42.82629110005537,-0.7213545057104607,125.1032421328801,-0.3406231412065035,0,0.027751653397604867,0.04577989693395074,0.3899482009965737,0.06429624316739851,15.730711718833946,4.844187086458591,15.701985316967399,33,3.4965075614664802,0,0.028024169306942178,0.06769948954257729,0.0,0.7201503611859091
東レ,E00873,繊維製品,2014,9470296.022687007,7694871.482411458,407063.19703601865,314938.1134235824,3153746.799584501,190,542375.1353621915,22,46.62153276215831,-0.38855197529912316,110.94455589786818,1.1139603672824279,0,0.042983154492833124,0.0409283136363553,0.3330145955342258,0.057271191318928105,16.06367072366917,5.25227342804663,15.85606462367464,34,3.5263605246161616,0,0.04577989693395074,0.027751653397604867,0.0,0.6574589535294703
東レ,E00873,繊維製品,2015,4060876.317608439,2205801.9361329265,215061.30984980593,131215.95149617002,2219494.9477361934,74,170824.416816006,22,43.349462234624866,2.298698134681661,110.147798624367,-0.43552935746028254,0,0.05295933513593475,0.059486733303992644,0.5465556629026601,0.04206589993280297,15.216909350062908,4.31748811353631,14.606601690600161,35,3.5553480614894135,0,0.0409283136363553,0.042983154492833124,0.0,0.9052042282182242
東レ,E00873,繊維製品,2016,8166841.284314044,4744381.544955493,526082.3424775308,305312.0690866233,4024998.8803509884,140,498041.6798114749,19,46.09789619079995,0.09550141723462541,109.76123098766438,1.4498917485462928,0,0.0644168686720986,0.0643523431228353,0.4928464678359498,0.06098339155531989,15.915592768370999,4.948759890378168,15.372471643271226,36,3.58351893845611,0,0.059486733303992644,0.05295933513593475,0.0,1.0242056868335268
東レ,E00873,繊維製品,2017,11195438.881730856,16066540.851099253,406154.93614165287,265410.3704168513,2976091.819462366,241,793782.8524229977,23,46.2925602941309,-0.2644956605163637,102.22926717245187,0.4214479436869034,0,0.03627860778235608,0.01651944702201982,0.2658307415101757,0.07090234342829764,16.231017010616892,5.488937726156687,16.592249459477614,37,3.6109179126442243,0,0.0643523431228353,0.0644168686720986,0.0,0.26812742562038827
東レ,E00873,繊維製品,2018,2352537.6949281152,2397980.68893148,45899.91741583136,129353.23744619076,790845.2142966407,48,77321.40742454825,18,27.867839833018785,1.901354543168573,122.15628651771861,-0.47616849068915346,0,0.01951081060881105,0.053942568446549696,0.33616686185375066,0.03286723421743552,14.671005173662126,3.8918202981106265,14.690137561547797,38,3.6375861597263857,0,0.01651944702201982,0.03627860778235608,0.0,0.7913917007599539
東レ,E00873,繊維製品,2019,2008909.5883386794,1739336.6196915123,135687.98845549015,80390.04384861185,545680.9262021309,47,71985.92996251851,23,41.88872297375079,1.4972722579210673,123.75598549918328,0.19698547356686724,0,0.06754310360363251,0.04621879568249979,0.27163040555418727,0.035833334850101026,14.513102639468652,3.871201010907891,14.369014345444436,39,3.6635616461296463,0,0.053942568446549696,0.01951081060881105,0.0,0.6707781256127501
東レ,E00873,繊維製品,2020,11889059.341337325,6946873.341345253,438393.2149149994,678829.2662228154,5294286.646793761,228,787304.3111777252,25,59.11600843257221,-0.017409445273780966,108.60923353848315,0.25441963503319864,0,0.0368736669848001,0.09771723664265929,0.44530744567704716,0.0662209085322949,16.291129152109015,5.43372200355424,15.753802237371954,40,3.6888794541139363,0,0.04621879568249979,0.06754310360363251,0.0,1.5919241225327618
東レ,E00873,繊維製品,2021,6970306.341586602,9548210.068364885,149210.08889238664,407130.5791374383,1569254.8744162617,131,518215.837563679,10,20.291628491455317,1.2995204765023267,101.67474423029421,0.13676662999973632,0,0.021406532450684655,0.042639466059334274,0.22513427638806807,0.07434620691946821,15.757169733218015,4.882801922586371,16.071864267493858,41,3.713572066704308,0,0.09771723664265929,0.0368736669848001,0.0,0.6718773040307189
東レ,E00873,繊維製品,2022,10654685.577655625,8062374.838453984,658727.1425093077,490088.38807545166,2195641.079490389,203,692391.5107999815,15,33.31915534145475,0.0852955450836137,117.46913659487416,0.7346965493198885,0,0.061825113252591074,0.06078710031415874,0.2060728177746472,0.06498469670958888,16.181510313708785,5.318119993844216,15.902718716052984,42,3.7376696182833684,0,0.042639466059334274,0.021406532450684655,0.0,0.9836270906740101
東レ,E00873,繊維製品,2023,2975749.4123238972,3229039.7544821533,139815.68462543408,102394.6068770855,1513437.1299266012,68,223368.25966416555,17,44.96060919610402,1.2105145418484915,102.21963251378628,1.3398796233489836,0,0.04698503309666982,0.031710543896201336,0.5085902474377672,0.07506285937219666,14.906006468541708,4.23410650459726,14.987695361365507,43,3.7612001156935624,0,0.06078710031415874,0.061825113252591074,0.0,0.4726775724377529
ブリヂストン,E01129,ゴム製品,2010,3281217.030300523,3486746.4690807858,143365.479729209,72848.04623420899,1101461.680381824,56,130386.64748798861,24,36.278380176479615,-0.5811560833991853,116.5132929905726,0.7575515207006618,0,0.04369277570038649,0.020892842906761154,0.33568693268696775,0.03973728232053173,15.003724957363179,4.04305126783455,15.064479615552695,30,3.4011973816621555,0,,,0.0,0.3134704685504406
ブリヂストン,E01129,ゴム製品,2011,5118044.60117344,3075468.9299640395,285482.218313159,117824.66715406964,1151461.0751040915,116,167246.9500672138,14,24.679907812809045,1.2191672353072176,107.20201902686414,0.7077001172147932,0,0.055779548745570735,0.038311122575849704,0.22498066445925272,0.032677900077085736,15.448283010234716,4.762173934797756,14.938967945145468,31,3.4339872044851463,0,0.020892842906761154,0.04369277570038649,0.0,0.5918410639915187
ブリヂストン,E01129,ゴム製品,2012,2985303.0953892544,3721374.2368720705,92077.72602446178,175038.2985035493,1457125.507270906,70,184866.0636856995,22,54.274547262358425,0.25514172558166764,113.34764297847117,0.5197878038395656,0,0.030843677537022666,0.047035930105936985,0.4880996872717579,0.061925391753762535,14.909211839147941,4.2626798770413155,15.129603576545108,32,3.4657359027997265,0,0.038311122575849704,0.055779548745570735,0.0,0.7012686460007708
ブリヂストン,E01129,ゴム製品,2013,10262353.76994869,13143841.154815987,429958.69478422805,283738.4610185344,2499544.032823878,172,376970.7786191394,17,47.874469749364565,-0.7213545057104607,125.1032421328801,-0.3406231412065035,0,0.04189669391862894,0.021587179704661206,0.24356439944053648,0.03673336420373902,16.143992783671624,5.153291594497779,16.391463853630476,33,3.4965075614664802,0,0.047035930105936985,0.030843677537022666,0.0,0.34850327337187303
ブリヂストン,E01129,ゴム製品,2014,6733265.091999944,6474691.295445667,290133.0817825195,229158.812437112,2170024.206655194,128,405222.51307475154,18,33.29755872805598,-0.38855197529912316,110.94455589786818,1.1139603672824279,0,0.043089508257626453,0.03539300979466057,0.3222840890719548,0.060182171285103905,15.722570738800473,4.859812404361672,15.683411488034274,34,3.5263605246161616,0,0.021587179704661206,0.04189669391862894,0.0,0.5564691001556088
ブリヂストン,E01129,ゴム製品,2015,3786625.9722568314,3537613.604755696,134913.2037823265,134800.87698573442,1882766.8124452964,76,210127.73958392272,16,40.689763692614974,2.298698134681661,110.147798624367,-0.43552935746028254,0,0.03562886980937232,0.03810503125737601,0.4972148889907831,0.055492076884130825,15.146985935768262,4.343805421853684,15.078962934836545,35,3.5553480614894135,0,0.03539300979466057,0.043089508257626453,0.0,0.5771763725374844
ブリヂストン,E01129,ゴム製品,2016,8610753.459514547,7093602.04810778,491793.2819759242,257858.39551792643,5044213.588296025,174,339876.85119752807,18,48.485474090813945,0.09550141723462541,109.76123098766438,1.4498917485462928,0,0.057113850058325824,0.036350840344463675,0.5858039731380725,0.03947120920318272,15.968522382391011,5.1647859739235145,15.774703815774037,36,3.58351893845611,0,0.03810503125737601,0.03562886980937232,0.0,0.5804692076592903
ブリヂストン,E01129,ゴム製品,2017,5438415.763513807,5647323.176340552,210514.72112011464,263723.0503730063,2263689.5150895854,113,408051.1124138133,17,35.86527261506115,-0.2644956605163637,102.22926717245187,0.4214479436869034,0,0.038708831813200555,0.04669877075175606,0.41624061372369153,0.07503124625951142,15.508998356477049,4.736198448394496,15.546692216757197,37,3.6109179126442243,0,0.036350840344463675,0.057113850058325824,0.0,0.7242511588384832
ブリヂストン,E01129,ゴム製品,2018,8832107.156781418,10093249.177577723,329575.8141971264,515669.7240860168,4324707.929784829,144,455681.8980658624,22,56.609249178335624,1.901354543168573,122.15628651771861,-0.47616849068915346,0,0.037315649408088694,0.05109055716484078,0.4896575475156295,0.05159379182984474,15.993904180213162,4.976733742420574,16.127377360074153,38,3.6375861597263857,0,0.04669877075175606,0.038708831813200555,0.0,0.8171374758081665
ブリヂストン,E01129,ゴム製品,2019,11941256.464086786,8711533.3641274,406184.3423551358,681830.8161775577,3062212.0593543095,278,405653.903648746,23,52.66754695856658,1.4972722579210673,123.75598549918328,0.19698547356686724,0,0.03401520967050087,0.07826760085488739,0.25643968610538453,0.033970788992661385,16.29550989189034,5.631211781821365,15.980158379732432,39,3.6635616461296463,0,0.05109055716484078,0.037315649408088694,0.0,1.2754104639453423
ブリヂストン,E01129,ゴム製品,2020,10604432.04403486,9039648.944520358,829850.9776550785,272608.02823772514,5375881.627748646,193,413088.975002436,18,37.35972448260341,-0.017409445273780966,108.60923353848315,0.25441963503319864,0,0.07825510826125584,0.03015692643716815,0.5069466809184424,0.03895437052046595,16.176782589057368,5.267858159063328,16.01713089804356,40,3.6888794541139363,0,0.07826760085488739,0.03401520967050087,0.0,0.4878420425282656
ブリヂストン,E01129,ゴム製品,2021,3923524.5911301826,4794769.033732141,246561.75948643545,231181.14316658297,1158464.6141612094,63,200378.1235389543,20,51.276578434641365,1.2995204765023267,101.67474423029421,0.13676662999973632,0,0.06284190496571161,0.04821528243387288,0.2952612089599546,0.05107094880759618,15.182500938181402,4.1588830833596715,15.383036096991928,41,3.713572066704308,0,0.03015692643716815,0.07825510826125584,0.0,0.7320285707869563
ブリヂストン,E01129,ゴム製品,2022,10250418.543034444,6984640.747768997,341745.04328900675,561764.4619545713,5215902.250460883,227,685815.411510899,18,35.648109761472256,0.0852955450836137,117.46913659487416,0.7346965493198885,0,0.033339618460871114,0.08042854059945855,0.5088477342230372,0.06690608862766263,16.142829096181803,5.429345628954441,15.759224117391904,42,3.7376696182833684,0,0.04821528243387288,0.06284190496571161,0.0,1.2983441853523787
ブリヂストン,E01129,ゴム製品,2023,6054809.797488781,3305205.268816055,149332.4504662523,209445.44810105473,1632303.275682271,107,353550.126880727,19,30.185348071262304,1.2105145418484915,102.21963251378628,1.3398796233489836,0,0.024663442033833603,0.06336836325329936,0.2695878698550143,0.05839161570812037,15.616363522005061,4.68213122712422,15.011009137906909,43,3.7612001156935624,0,0.08042854059945855,0.033339618460871114,0.0,0.9895833963579902
ファナック,E01506,電気機器,2010,8053049.427971077,5728088.232928656,480951.2449809586,212528.8327126233,3067174.385610682,165,563268.6522331794,49,114.62820055534694,-0.5811560833991853,116.5132929905726,0.7575515207006618,0,0.059722872594131296,0.03710292580531037,0.380871173465955,0.0699447653055188,15.901561388592086,5.111987788356544,15.560892391297392,30,3.4011973816621555,1,,,0.03710292580531037,0.5899944523895203
ファナック,E01506,電気機器,2011,6846361.734801923,4320698.314423572,255489.09395451835,149576.33244161002,3398905.7745790035,119,477363.39505625085,67,112.17968166300587,1.2191672353072176,107.20201902686414,0.7077001172147932,0,0.037317498527107855,0.03461855504752248,0.49645430759251863,0.06972512022402827,15.739227935531432,4.787491742782046,15.278927594014156,31,3.4339872044851463,1,0.03710292580531037,0.059722872594131296,0.03461855504752248,0.5448693286916985
ファナック,E01506,電気機器,2012,9945509.930629073,8730719.847120237,608120.6898235515,372537.06052091636,4676421.30198005,221,726118.6147946771,55,124.05084204342096,0.25514172558166764,113.34764297847117,0.5197878038395656,0,0.06114524987308385,0.04266968440681268,0.47020427656284663,0.07300969179654207,16.11263174403151,5.402677381872279,15.98235838113122,32,3.4657359027997265,1,0.03461855504752248,0.037317498527107855,0.04266968440681268,0.6875209114810164
ファナック,E01506,電気機器,2013,6423311.122237683,3886172.326322176,122442.54909536758,174850.06564207154,1899463.2873013425,117,487298.4461249206,48,130.0500132799839,-0.7213545057104607,125.1032421328801,-0.3406231412065035,0,0.01906221678589848,0.04499287498337662,0.29571404080449215,0.07586405778133333,15.675444293839607,4.770684624465665,15.172935253361453,33,3.4965075614664802,1,0.04266968440681268,0.06114524987308385,0.04499287498337662,0.7052833054216099
ファナック,E01506,電気機器,2014,3775821.22468746,4026429.3464629496,255835.2183377137,173451.73126832125,1549496.614055854,65,280092.857788822,41,99.81112884535737,-0.38855197529912316,110.94455589786818,1.1139603672824279,0,0.06775617888500275,0.0430782999882244,0.4103734053733204,0.07418064604263842,15.144128459969789,4.189654742026425,15.208390522929287,34,3.5263605246161616,1,0.04499287498337662,0.01906221678589848,0.0430782999882244,0.6523833088587854
ファナック,E01506,電気機器,2015,5445891.142994936,2895297.0204399866,65130.52936269213,305451.1594633437,2881113.5397558846,97,187127.7128498784,52,112.01721833222557,2.298698134681661,110.147798624367,-0.43552935746028254,0,0.011959572391833373,0.09771723664265929,0.5290435420219276,0.03436126575731894,15.510371963583264,4.584967478670572,14.878598261460464,35,3.5553480614894135,1,0.0430782999882244,0.06775617888500275,0.09771723664265929,1.5156306875811338
ファナック,E01506,電気機器,2016,2295685.196171061,1340674.4095075151,176842.57581329742,59021.039083795906,1210133.5160301519,45,159247.91960076714,45,121.89124149399056,0.09550141723462541,109.76123098766438,1.4498917485462928,0,0.07703258970709508,0.04402339499079181,0.5271339110643373,0.06936836107423368,14.64654191733961,3.828641396489095,14.10868333599607,36,3.58351893845611,1,0.09771723664265929,0.011959572391833373,0.04402339499079181,0.6447905000762308
ファナック,E01506,電気機器,2017,6837072.196306613,5896776.947971067,467432.2643804574,345758.3888659786,3531384.4520754567,135,272936.7255747511,45,76.51834139073483,-0.2644956605163637,102.22926717245187,0.4214479436869034,0,0.068367314394159,0.05863514796586385,0.5165053623366901,0.03992011752079955,15.737870156487189,4.912654885736052,15.58991647960576,37,3.6109179126442243,1,0.04402339499079181,0.07703258970709508,0.05863514796586385,0.9227923452931792
ファナック,E01506,電気機器,2018,5143303.533548487,3761053.260608857,322838.8439720012,238759.9125891811,2128927.722428846,96,250799.22330801908,55,162.53342481097613,1.901354543168573,122.15628651771861,-0.47616849068915346,0,0.06276877144547349,0.06348219396141429,0.4139222405487798,0.048762283165307715,15.453206141788309,4.574710978503383,15.14020959864145,38,3.6375861597263857,1,0.05863514796586385,0.068367314394159,0.06348219396141429,0.981003429618724
ファナック,E01506,電気機器,2019,11506977.848113263,7688848.791542801,643520.3541238438,554307.9437502696,2627104.534924053,205,845856.0202834051,47,137.55626596940783,1.4972722579210673,123.75598549918328,0.19698547356686724,0,0.055924358473442126,0.07209244956929961,0.22830534390529006,0.0735080949531936,16.25846417872451,5.327876168789581,15.855281628265324,39,3.6635616461296463,1,0.06348219396141429,0.06276877144547349,0.07209244956929961,1.1721125088789608
ファナック,E01506,電気機器,2020,1921156.6548672162,1624344.524245582,129113.80321353686,85256.19569405523,733464.4650520177,34,96960.33884549343,63,134.22803937233343,-0.017409445273780966,108.60923353848315,0.25441963503319864,0,0.06720628579997853,0.05248652266898367,0.3817827469684987,0.05046977225925129,14.468437987029231,3.5553480614894135,14.300614922675509,40,3.6888794541139363,1,0.07209244956929961,0.055924358473442126,0.05248652266898367,0.7593979983909942
ファナック,E01506,電気機器,2021,3421229.349498341,3725157.5333013874,191092.24631592602,182020.82786337662,1578234.2812130444,56,172931.79329187848,59,154.32628883590795,1.2995204765023267,101.67474423029421,0.13676662999973632,0,0.0558548483000551,0.04886258533664274,0.4613061914263254,0.05054668238399033,15.045510503366552,4.04305126783455,15.13061969972073,41,3.713572066704308,1,0.05248652266898367,0.06720628579997853,0.04886258533664274,0.7351625409041028
ファナック,E01506,電気機器,2022,9767045.591696324,11296476.016099947,398783.56745607697,370932.50725557853,5593624.594568609,215,514062.332508131,52,107.74119964677469,0.0852955450836137,117.46913659487416,0.7346965493198885,0,0.04082949789802475,0.03283612577293296,0.5727038480627301,0.052632326498524055,16.094524582351177,5.375278407684165,16.24000137806276,42,3.7376696182833684,1,0.04886258533664274,0.0558548483000551,0.03283612577293296,0.5284818334416446
ファナック,E01506,電気機器,2023,6018087.321544406,8567646.115510978,411016.57114875375,263727.9570318593,1332168.5710022044,118,206475.7894624306,57,91.79995893254483,1.2105145418484915,102.21963251378628,1.3398796233489836,0,0.0682968772615409,0.030781845267208553,0.2213607911990771,0.03430920464102592,15.61028004612741,4.77912349311153,15.96350358721179,43,3.7612001156935624,1,0.03283612577293296,0.04082949789802475,0.030781845267208553,0.48051322495768717
ダイキン工業,E01570,機械,2010,5691251.698966721,3117763.665479032,248207.5806124062,229059.34937060252,1205223.4086696953,122,195401.54247672917,24,57.20596164808792,-0.5811560833991853,116.5132929905726,0.7575515207006618,0,0.043612125019434594,0.07346911887736317,0.21176772218464884,0.03433366732176077,15.55444076415368,4.812184355372417,14.952626528895522,30,3.4011973816621555,0,,,0.0,1.1427710575725103
ダイキン工業,E01570,機械,2011,1415343.2448501384,1117465.2025189884,83813.6772399596,47774.63034754294,633730.3891091376,22,43374.53878184667,21,48.14692856408485,1.2191672353072176,107.20201902686414,0.7077001172147932,0,0.0592179158977327,0.04275267832935597,0.4477573842352561,0.030645950330189565,14.162882635508529,3.1354942159291497,13.926573466299573,31,3.4339872044851463,0,0.07346911887736317,0.043612125019434594,0.0,0.6055011655323175
ダイキン工業,E01570,機械,2012,10221391.812789386,6079102.73250192,442096.49485920474,546553.4897926453,2061287.3222817285,232,376172.8050666607,17,49.85729662861787,0.25514172558166764,113.34764297847117,0.5197878038395656,0,0.04325208376280392,0.08990693427016742,0.2056828867759201,0.03680250321643861,16.13999331867191,5.4510384535657,15.620367666160677,32,3.4657359027997265,0,0.04275267832935597,0.0592179158977327,0.0,1.4510973184227767
ダイキン工業,E01570,機械,2013,4933433.804556064,4002048.972256788,92361.1668857655,166004.7770335439,2719230.8090564734,114,275419.4122912447,13,32.934141442738415,-0.7213545057104607,125.1032421328801,-0.3406231412065035,0,0.018721476874883625,0.041479946443517025,0.5511842089672395,0.055827122284866325,15.411545815647246,4.74493212836325,15.202317030996669,33,3.4965075614664802,0,0.08990693427016742,0.04325208376280392,0.0,0.6392700950448567
ダイキン工業,E01570,機械,2014,4767234.637072945,6055662.990863628,154796.45794484732,130356.57030651558,1469427.3813776989,76,195300.7790211554,24,68.6375809114185,-0.38855197529912316,110.94455589786818,1.1139603672824279,0,0.032470912327464435,0.021526391165292504,0.30823475101278397,0.04096730995835124,15.377276954094365,4.343805421853684,15.61650442375038,34,3.5263605246161616,0,0.041479946443517025,0.018721476874883625,0.0,0.33101727877087295
ダイキン工業,E01570,機械,2015,2180565.236933079,3257143.331537234,65028.048326461605,129333.60068560037,703450.6696130077,44,98631.96065146486,15,27.170916167183574,2.298698134681661,110.147798624367,-0.43552935746028254,0,0.029821647720075662,0.03970767863769764,0.32260014866713954,0.045232290683579236,14.59509468415407,3.8066624897703196,14.996361090516741,35,3.5553480614894135,0,0.021526391165292504,0.032470912327464435,0.0,0.579537329405159
ダイキン工業,E01570,機械,2016,9591877.875403663,8492504.540640876,436520.17519526294,206985.91439442342,3203309.024469996,170,425278.7424616141,23,56.405069698341094,0.09550141723462541,109.76123098766438,1.4498917485462928,0,0.045509354984035646,0.024372776417591824,0.33396057227586295,0.044337380853456364,16.076427243686382,5.14166355650266,15.95469451368154,36,3.58351893845611,0,0.03970767863769764,0.029821647720075662,0.0,0.39182716680405016
ダイキン工業,E01570,機械,2017,1732344.2838062106,1421742.4165531758,64971.03193628921,78191.20455708262,720956.4133316776,31,137945.8216542898,17,41.276086768503845,-0.2644956605163637,102.22926717245187,0.4214479436869034,0,0.037504688036686606,0.05499674459080058,0.41617386340065854,0.07921515332477821,14.364986126529859,3.4657359027997265,14.167393731272757,37,3.6109179126442243,0,0.024372776417591824,0.045509354984035646,0.0,0.7900274730511564
ダイキン工業,E01570,機械,2018,5642177.491439145,7741217.420623352,124247.82305155098,310154.59302051284,2547506.1207083804,96,350253.54917443363,22,36.58976954162858,1.901354543168573,122.15628651771861,-0.47616849068915346,0,0.02202125389356711,0.04006535098655555,0.45151116294616783,0.06207772614489212,15.54578062900692,4.574710978503383,15.862069522683436,38,3.6375861597263857,0,0.05499674459080058,0.037504688036686606,0.0,0.6228471572611586
ダイキン工業,E01570,機械,2019,7892903.963633415,6276713.082606419,503025.5579747026,198091.1882722613,2618109.0409674584,141,628915.8907688422,14,22.30386318549833,1.4972722579210673,123.75598549918328,0.19698547356686724,0,0.06373136684449662,0.03155970101950295,0.3317041551538452,0.07921515332477821,15.88147468133328,4.955827057601261,15.65235700693625,39,3.6635616461296463,0,0.04006535098655555,0.02202125389356711,0.0,0.5012145926916842
ダイキン工業,E01570,機械,2020,2150596.794712069,1262339.321126856,107738.11588369816,77743.25079834653,987658.9411423233,40,127420.02181332724,21,61.083471122826246,-0.017409445273780966,108.60923353848315,0.25441963503319864,0,0.050096845744682046,0.061586650670872906,0.45924877390815383,0.05924868023919229,14.581255940521787,3.713572066704308,14.048477161637518,40,3.6888794541139363,0,0.03155970101950295,0.06373136684449662,0.0,0.8980107159515056
ダイキン工業,E01570,機械,2021,9670952.975659583,12009406.450928489,170601.7022395698,498844.0759468728,4878053.998004361,219,326122.1050738753,20,38.23696195903945,1.2995204765023267,101.67474423029421,0.13676662999973632,0,0.017640629901618805,0.04153777940526823,0.5044026178476652,0.033721816856588836,16.08463741228004,5.393627546352362,16.301200771596637,41,3.713572066704308,0,0.061586650670872906,0.050096845744682046,0.0,0.6681201206450127
ダイキン工業,E01570,機械,2022,5623373.475845123,6742685.508793165,376836.9428452218,247135.70482886722,2112883.5019846577,91,369607.42336308246,19,36.362915813108806,0.0852955450836137,117.46913659487416,0.7346965493198885,0,0.06701261164030865,0.03665241460640223,0.3757323804048277,0.06572699198278575,15.542442304390232,4.5217885770490405,15.723968846972102,42,3.7376696182833684,0,0.04153777940526823,0.017640629901618805,0.0,0.5696680393365964
ダイキン工業,E01570,機械,2023,7552505.525174859,7826578.886665877,122546.08797328649,424782.02551230637,4213979.575601318,161,347442.1440839339,21,38.03254844587793,1.2105145418484915,102.21963251378628,1.3398796233489836,0,0.01622588524626723,0.05427429170055469,0.557957827578518,0.04600356039804284,15.837389923811696,5.087596335232384,15.87303604869051,43,3.7612001156935624,0,0.03665241460640223,0.06701261164030865,0.0,0.8595631205003816
日立製作所,E01588,電気機器,2010,3242826.5847604168,2324328.2816261584,161493.19745037257,93446.55631590018,755445.4710208981,58,172954.57095745407,55,107.64580280853289,-0.5811560833991853,116.5132929905726,0.7575515207006618,0,0.04980013368871029,0.04020368252393445,0.23295894839739362,0.05333451124714772,14.991955910150285,4.07753744390572,14.658941644132199,30,3.4011973816621555,1,,,0.04020368252393445,0.6027318358245047
日立製作所,E01588,電気機器,2011,3732962.078604664,5059877.894030583,130685.40112118551,168926.95231355037,1632081.394320721,83,163386.45809694807,40,91.47552638971113,1.2191672353072176,107.20201902686414,0.7077001172147932,0,0.03500849951576099,0.03338557883241467,0.437208136582725,0.04376858233663599,15.132712599421513,4.430816798843313,15.436852909357967,31,3.4339872044851463,1,0.04020368252393445,0.04980013368871029,0.03338557883241467,0.5052143694362616
日立製作所,E01588,電気機器,2012,8877138.778895412,5097817.970950662,204539.13333702323,424801.7475094734,3480319.149425435,182,427617.3476280812,44,122.15898933514453,0.25514172558166764,113.34764297847117,0.5197878038395656,0,0.023041110253147826,0.08333011298758763,0.3920541557488745,0.048170627752796034,15.998989853463842,5.209486152841421,15.444323157307924,32,3.4657359027997265,1,0.03338557883241467,0.03500849951576099,0.08333011298758763,1.33319763217641
日立製作所,E01588,電気機器,2013,10351009.586367156,11693600.31460176,317271.8916082751,429762.53707644105,3678272.4671840835,232,456584.1519996987,49,80.98001234391646,-0.7213545057104607,125.1032421328801,-0.3406231412065035,0,0.030651299176279335,0.03675194341470676,0.3553539813187468,0.04411010811940943,16.152594617495026,5.4510384535657,16.274552268460976,33,3.4965075614664802,1,0.08333011298758763,0.023041110253147826,0.03675194341470676,0.5936392433828741
日立製作所,E01588,電気機器,2014,5512812.543323566,7266824.421933899,255566.78848616444,228100.56107167335,2632883.751910618,120,167736.61792138236,54,150.78949588655632,-0.38855197529912316,110.94455589786818,1.1139603672824279,0,0.04635869376615666,0.03138930402435258,0.4775935570490674,0.030426686306343594,15.522585494331567,4.795790545596741,15.798829948296007,34,3.5263605246161616,1,0.03675194341470676,0.030651299176279335,0.03138930402435258,0.4872431553255789
日立製作所,E01588,電気機器,2015,10459124.402920555,9263004.768705,769749.6077292822,574240.6822739422,3582752.117417228,221,516438.3366005567,46,96.64277997314477,2.298698134681661,110.147798624367,-0.43552935746028254,0,0.07359598930808597,0.06199291661967082,0.3425479972699051,0.049376823212500365,16.162985304007435,5.402677381872279,16.04153904304819,35,3.5553480614894135,1,0.03138930402435258,0.04635869376615666,0.06199291661967082,1.0019906002762977
日立製作所,E01588,電気機器,2016,6232887.834032503,3903795.014193492,492230.57788577606,267801.4713107488,2944353.8649630225,104,449548.7960071789,49,86.47605555301894,0.09550141723462541,109.76123098766438,1.4498917485462928,0,0.07870464937357245,0.06860029031674847,0.47238999695877865,0.07212528252996549,15.6453503201265,4.653960350157523,15.177459718526327,36,3.58351893845611,1,0.06199291661967082,0.07359598930808597,0.06860029031674847,1.0732755740679114
日立製作所,E01588,電気機器,2017,10581599.989530103,13501968.50271217,618435.8378170433,307460.0085980471,4764571.887540716,172,514446.1657632787,49,117.5708696399583,-0.2644956605163637,102.22926717245187,0.4214479436869034,0,0.05844445437636565,0.02277149502580212,0.4502695142752505,0.048617049054235105,16.17462720070453,5.153291594497779,16.418346047794397,37,3.6109179126442243,1,0.06860029031674847,0.07870464937357245,0.02277149502580212,0.3683204428450469
日立製作所,E01588,電気機器,2018,11597213.555060562,8067801.943048924,766103.7312194714,403309.5827751323,6119943.234587233,203,786477.2220230518,53,104.20971383590731,1.901354543168573,122.15628651771861,-0.47616849068915346,0,0.06605929325886857,0.04999002028335819,0.5277080744897323,0.0678160506650207,16.266275416450725,5.318119993844216,15.903391629297921,38,3.6375861597263857,1,0.02277149502580212,0.05844445437636565,0.04999002028335819,0.8131514380030623
日立製作所,E01588,電気機器,2019,4644966.756871779,2968716.4327820665,77505.66269943657,102995.47218118868,1857371.4941921884,88,350260.80202588945,59,114.31608321377097,1.4972722579210673,123.75598549918328,0.19698547356686724,0,0.016685945617323186,0.03469360395754227,0.3998675537224,0.0754065250322217,15.351294773449197,4.48863636973214,14.903640239848809,39,3.6635616461296463,1,0.04999002028335819,0.06605929325886857,0.03469360395754227,0.5325917411055351
日立製作所,E01588,電気機器,2020,8949922.827563254,7668882.614661479,256807.05904522198,253261.55850814897,4290779.963307033,188,606407.194151416,47,97.08839559429389,-0.017409445273780966,108.60923353848315,0.25441963503319864,0,0.02869377356577067,0.03302457101429091,0.47942088954025763,0.06775557799044386,16.007155467595233,5.241747015059643,15.852681480157232,40,3.6888794541139363,1,0.03469360395754227,0.016685945617323186,0.03302457101429091,0.5286294424763938
日立製作所,E01588,電気機器,2021,4058565.984408839,3130848.04260911,300981.1266611524,211659.37255414668,1884450.2289809627,97,185651.85819708384,46,124.82136199392295,1.2995204765023267,101.67474423029421,0.13676662999973632,0,0.0741594759866871,0.06760448596469062,0.4643143012138183,0.04574321543872237,15.21634026337542,4.584967478670572,14.956814465949392,41,3.713572066704308,1,0.03302457101429091,0.02869377356577067,0.06760448596469062,1.0286928617693205
日立製作所,E01588,電気機器,2022,6893810.102379104,6480457.379563371,278314.4848950745,370268.60519931035,2060813.5111058578,130,454447.0431931859,59,100.2855029690522,0.0852955450836137,117.46913659487416,0.7346965493198885,0,0.04037164945971258,0.05713618399327513,0.29893679699628745,0.06592102718877517,15.74613448033276,4.875197323201151,15.684301649103528,42,3.7376696182833684,1,0.06760448596469062,0.0741594759866871,0.05713618399327513,0.8996740368511462
日立製作所,E01588,電気機器,2023,4057737.8389919307,4863162.769113988,307410.9452021391,161433.23138902627,1391091.0628759225,88,174639.61986764637,54,87.95768226405129,1.2105145418484915,102.21963251378628,1.3398796233489836,0,0.07575919327467188,0.03319511171089952,0.34282428241384694,0.04303866508809064,15.216136193779752,4.48863636973214,15.397199559751959,43,3.7612001156935624,1,0.05713618399327513,0.04037164945971258,0.03319511171089952,0.5051013407607803
村田製作所,E01605,電気機器,2010,1223943.871802586,901248.2220224692,14068.39574876149,38749.48165406412,473028.1445005909,23,57845.68604534456,60,98.34942664316135,-0.5811560833991853,116.5132929905726,0.7575515207006618,0,0.011494314463981099,0.042995348792042386,0.3864786248767519,0.04726171467336265,14.017588884632536,3.1780538303479458,13.711535994788747,30,3.4011973816621555,1,,,0.042995348792042386,0.6026911233182323
村田製作所,E01605,電気機器,2011,2107202.8274902455,1874421.0719132265,105039.11760114241,75118.93552922145,752185.0012586099,43,139830.11208756652,50,103.42313309378181,1.2191672353072176,107.20201902686414,0.7077001172147932,0,0.04984765407051384,0.04007580615413556,0.3569589939068606,0.06635816460730039,14.560871951793642,3.784189633918261,14.443810408063678,31,3.4339872044851463,1,0.042995348792042386,0.011494314463981099,0.04007580615413556,0.5835386817752715
村田製作所,E01605,電気機器,2012,7880722.799575219,5820651.224730769,207705.69788853332,266223.3577165132,2398931.9318300993,158,236511.3974669883,55,160.0069580031405,0.25514172558166764,113.34764297847117,0.5197878038395656,0,0.026356173560593825,0.04573772717825525,0.304405064464316,0.030426686306343594,15.879930183461923,5.0689042022202315,15.57692270773156,32,3.4657359027997265,1,0.04007580615413556,0.04984765407051384,0.04573772717825525,0.7263119143409222
村田製作所,E01605,電気機器,2013,1323106.195356619,1870511.0312676753,73359.8758258137,70008.01048272586,642993.9024242972,31,57912.73093654635,67,156.57470663034522,-0.7213545057104607,125.1032421328801,-0.3406231412065035,0,0.05544519108388037,0.03742721069935648,0.4859730116001686,0.043770281735350074,14.095492708474849,3.4657359027997265,14.4417222302497,33,3.4965075614664802,1,0.04573772717825525,0.026356173560593825,0.03742721069935648,0.5275549755113311
村田製作所,E01605,電気機器,2014,2659067.5393469515,2079693.8960534518,110229.60061178557,82880.73895332208,541756.0044484551,60,186480.2168831845,58,89.35008338025438,-0.38855197529912316,110.94455589786818,1.1139603672824279,0,0.04145423122229426,0.03985237400109766,0.2056828867759201,0.0701299286775479,14.793486070183489,4.110873864173311,14.5477312754887,34,3.5263605246161616,1,0.03742721069935648,0.05544519108388037,0.03985237400109766,0.5895555396489809
村田製作所,E01605,電気機器,2015,10444154.527146393,7341460.201645151,287704.22312703734,216771.77343181963,2875823.5315357097,221,697281.9528129862,41,116.93771357894065,2.298698134681661,110.147798624367,-0.43552935746028254,0,0.027546913671110285,0.029527065117542033,0.27535244945494475,0.06676289124223646,16.16155300447362,5.402677381872279,15.809048318359082,35,3.5553480614894135,1,0.03985237400109766,0.04145423122229426,0.029527065117542033,0.4772032279636997
村田製作所,E01605,電気機器,2016,8213365.9710340155,5194319.933600899,153781.5656951308,217316.60861743963,4909236.546496846,182,456093.0182640312,50,132.41520685837904,0.09550141723462541,109.76123098766438,1.4498917485462928,0,0.018723330512419693,0.04183735530260023,0.5939640390376629,0.05553058513069176,15.921273381699613,5.209486152841421,15.4630762660735,36,3.58351893845611,1,0.029527065117542033,0.027546913671110285,0.04183735530260023,0.6661039713399982
村田製作所,E01605,電気機器,2017,6260310.371537817,6620111.036251836,253351.89501689133,271183.2810948759,2933517.9254055293,145,351503.46504644764,56,122.72536620956765,-0.2644956605163637,102.22926717245187,0.4214479436869034,0,0.040469542240068934,0.04096355478176601,0.4685898543852745,0.05614792944524609,15.64974032196509,4.983606621708336,15.705622700620237,37,3.6109179126442243,1,0.04183735530260023,0.018723330512419693,0.04096355478176601,0.6410689949992294
村田製作所,E01605,電気機器,2018,10275894.315742332,12261022.372641161,795516.1933765856,296709.2768575349,3673513.2530896,220,622526.4664600064,61,91.75613429883241,1.901354543168573,122.15628651771861,-0.47616849068915346,0,0.07741576245659523,0.02419939119592524,0.35748842292606087,0.06058124454494596,16.145311352587434,5.3981627015177525,16.32193587591241,38,3.6375861597263857,1,0.04096355478176601,0.040469542240068934,0.02419939119592524,0.39070670540127617
村田製作所,E01605,電気機器,2019,1853394.7764247209,1523347.0795806465,136631.4529547394,108430.2232559807,659496.1749032807,39,86976.93273808014,63,101.05077119464795,1.4972722579210673,123.75598549918328,0.19698547356686724,0,0.07371956298393557,0.07117893532564479,0.35583146304937663,0.04692844387198632,14.432529529756266,3.6888794541139363,14.2364204979563,39,3.6635616461296463,1,0.02419939119592524,0.07741576245659523,0.07117893532564479,1.0272920859839798
村田製作所,E01605,電気機器,2020,1448663.5397503527,1382229.759586464,97995.8107420525,62873.66183511768,697037.5014017371,25,50831.63408259673,53,126.77631727505495,-0.017409445273780966,108.60923353848315,0.25441963503319864,0,0.06764566654237744,0.0454871278809163,0.4811590008828807,0.03508864045225885,14.186151992649256,3.258096538021482,14.139208521001244,40,3.6888794541139363,1,0.07117893532564479,0.07371956298393557,0.0454871278809163,0.6452873098277523
村田製作所,E01605,電気機器,2021,9085682.597948177,13262844.1465593,624338.4435739329,329617.9602670376,2501359.44400639,186,365223.18925779406,41,84.4048270418531,1.2995204765023267,101.67474423029421,0.13676662999973632,0,0.06871673502164025,0.02485273570469788,0.27530781722126996,0.04019766102552081,16.022210391601742,5.231108616854587,16.4004770104129,41,3.713572066704308,1,0.0454871278809163,0.06764566654237744,0.02485273570469788,0.39819576026754205
村田製作所,E01605,電気機器,2022,7931702.3361779805,5840693.759737449,594712.6554914282,190857.4698775393,3808449.2461406,142,427184.22270489467,53,103.38272403669968,0.0852955450836137,117.46913659487416,0.7346965493198885,0,0.07497919491744318,0.032677191739311245,0.48015534178199676,0.053857823276653664,15.886378240960784,4.962844630259907,15.580360142224496,42,3.7376696182833684,1,0.02485273570469788,0.06871673502164025,0.032677191739311245,0.5191222278230977
村田製作所,E01605,電気機器,2023,7801755.277121885,10615353.207679838,363317.8165288166,222543.3701108982,2740255.428061206,144,595839.9566460315,51,105.63629901283413,1.2105145418484915,102.21963251378628,1.3398796233489836,0,0.04656872762905308,0.020964292544679138,0.35123575794498685,0.07637255149405821,15.869859301871571,4.976733742420574,16.17781192695874,43,3.7612001156935624,1,0.032677191739311245,0.07497919491744318,0.020964292544679138,0.332700373047333
パナソニック,E01739,電気機器,2010,3868081.8790682233,3012092.130448589,102586.37807866817,125765.95183998179,1947954.119855633,85,145158.25945323677,48,119.4835922757746,-0.5811560833991853,116.5132929905726,0.7575515207006618,0,0.02652125298427759,0.04175368693694357,0.5035969198058633,0.03752719409554064,15.168269303652947,4.454347296253507,14.91814545523246,30,3.4011973816621555,1,,,0.04175368693694357,0.6333311678799762
パナソニック,E01739,電気機器,2011,9822195.904474707,6192712.468897826,699952.0143101483,505418.73076365475,5834031.151640988,176,682800.4185393486,48,79.85780120132756,1.2191672353072176,107.20201902686414,0.7077001172147932,0,0.07126227384563472,0.0816150811622631,0.5939640390376629,0.06951606597749538,16.10015527085938,5.176149732573829,15.63888375043898,31,3.4339872044851463,1,0.04175368693694357,0.02652125298427759,0.0816150811622631,1.3140154791562262
パナソニック,E01739,電気機器,2012,3638332.518968938,4740786.472997514,147657.2385900388,148862.84370416118,1746533.9006674162,62,287704.01429608086,61,125.19949650523418,0.25514172558166764,113.34764297847117,0.5197878038395656,0,0.04058376682730559,0.031400453184730316,0.4800369101948835,0.07907578892146254,15.10703603546908,4.143134726391533,15.371713602480947,32,3.4657359027997265,1,0.0816150811622631,0.07126227384563472,0.031400453184730316,0.4743677777917807
パナソニック,E01739,電気機器,2013,4055841.0596366,3842525.6715543657,311364.22116278426,139638.01092616282,1830579.3711400272,67,278720.3409887314,60,140.06913856459406,-0.7213545057104607,125.1032421328801,-0.3406231412065035,0,0.07676933503668466,0.03634016343986504,0.4513439615170831,0.06872072571150127,15.215668637005217,4.219507705176107,15.161640435323609,33,3.4965075614664802,1,0.031400453184730316,0.04058376682730559,0.03634016343986504,0.5529398851155981
パナソニック,E01739,電気機器,2014,7554538.803135717,4418044.981246403,207431.502353914,300734.53111342504,4272053.425472808,130,276954.6640125307,44,81.98467454170252,-0.38855197529912316,110.94455589786818,1.1139603672824279,0,0.027457864438768107,0.06806959467139306,0.5654949344756262,0.036660697791051536,15.83765910657557,4.875197323201151,15.3012078442699,34,3.5263605246161616,1,0.03634016343986504,0.07676933503668466,0.06806959467139306,1.0780630359282963
パナソニック,E01739,電気機器,2015,2251459.8374435324,1275268.3567436787,104005.41683657505,100314.97631272489,487454.84426030976,39,118486.87370037004,40,85.11698251844528,2.298698134681661,110.147798624367,-0.43552935746028254,0,0.0461946578423847,0.07866185637105681,0.21650612467233732,0.05262668768495931,14.627089380431654,3.6888794541139363,14.058667190305119,35,3.5553480614894135,1,0.06806959467139306,0.027457864438768107,0.07866185637105681,1.1505940039701252
パナソニック,E01739,電気機器,2016,9239636.828603493,13393691.743869402,507478.1337993124,353718.43543104024,2782627.7439471525,178,593679.5246257009,46,133.13714013361565,0.09550141723462541,109.76123098766438,1.4498917485462928,0,0.054924034701049416,0.02640933076520484,0.30116202569054085,0.06425355624236494,16.039013138581744,5.187385805840755,16.410294388693448,36,3.58351893845611,1,0.07866185637105681,0.0461946578423847,0.02640933076520484,0.42357960312427145
パナソニック,E01739,電気機器,2017,4851000.774713322,5382646.039433503,232352.38974442505,163458.20660158913,1753299.1814109772,108,375534.0598878456,47,76.74636454368827,-0.2644956605163637,102.22926717245187,0.4214479436869034,0,0.047897825734351966,0.03036763060474107,0.3614304063916773,0.07741372911036866,15.394695586929117,4.6913478822291435,15.498690640120767,37,3.6109179126442243,1,0.02640933076520484,0.054924034701049416,0.03036763060474107,0.46750042885630094
パナソニック,E01739,電気機器,2018,3301464.379756679,3456880.2580355853,144443.22990413656,83476.4309116341,1507120.1063332162,66,251047.09642859572,38,66.33744146686236,1.901354543168573,122.15628651771861,-0.47616849068915346,0,0.04375126104337439,0.02414790929410746,0.4565004897748715,0.07604113434266346,15.009876679449572,4.204692619390966,15.055877080767155,38,3.6375861597263857,1,0.03036763060474107,0.047897825734351966,0.02414790929410746,0.36245714057108713
パナソニック,E01739,電気機器,2019,6231558.168285628,8383642.0506975325,395093.39346017747,368191.10113440995,2242601.499848974,129,223813.81430916634,44,75.54623614785615,1.4972722579210673,123.75598549918328,0.19698547356686724,0,0.06340202286338797,0.043917798363513845,0.3598781298812684,0.03591618793646598,15.645136966760989,4.867534450455582,15.94179299029679,39,3.6635616461296463,1,0.02414790929410746,0.04375126104337439,0.043917798363513845,0.6870999706757657
パナソニック,E01739,電気機器,2020,2213898.9818419944,1284447.733435851,164315.71042838454,77449.31273550363,745037.018803179,39,129515.2474153351,45,121.28424594930979,-0.017409445273780966,108.60923353848315,0.25441963503319864,0,0.07422005781477509,0.06029775343861562,0.33652710666287855,0.05850097428906925,14.610265764218807,3.6888794541139363,14.065839404502455,40,3.6888794541139363,1,0.043917798363513845,0.06340202286338797,0.06029775343861562,0.8809662027235127
パナソニック,E01739,電気機器,2021,9738585.395283155,9021274.236607095,129273.32459311205,386879.6200142965,2312270.391569715,218,343392.03763121966,46,135.03702067701764,1.2995204765023267,101.67474423029421,0.13676662999973632,0,0.013274343176753892,0.04288525211265522,0.2374339082850425,0.035260977204917276,16.09160642844695,5.389071729816501,16.015096149977964,41,3.713572066704308,1,0.06029775343861562,0.07422005781477509,0.04288525211265522,0.6900925985815709
パナソニック,E01739,電気機器,2022,10913177.92748215,15530402.908870235,507956.78751652915,375907.2769255377,4593817.239054349,204,766087.0036181252,55,92.86368166743615,0.0852955450836137,117.46913659487416,0.7346965493198885,0,0.04654526764723272,0.024204605581149292,0.42094221037906404,0.07019834265589346,16.205481601139184,5.3230099791384085,16.55831013869498,42,3.7376696182833684,1,0.04288525211265522,0.013274343176753892,0.024204605581149292,0.39224729040814565
パナソニック,E01739,電気機器,2023,2586902.997526994,2140101.9438429363,37143.7459826679,55283.60677660085,1500003.7187083093,60,195350.24217392792,50,76.56303446937179,1.2105145418484915,102.21963251378628,1.3398796233489836,0,0.014358383757789243,0.02583223053259287,0.5798453672759553,0.07551510140143532,14.765971964341084,4.110873864173311,14.576364023173197,43,3.7612001156935624,1,0.024204605581149292,0.04654526764723272,0.02583223053259287,0.38143799182066207
オムロン,E01753,電気機器,2010,2398768.959924626,1350490.959332945,153711.49285181623,97918.08021054714,618415.7272671005,49,80725.98576401295,50,83.60583422395518,-0.5811560833991853,116.5132929905726,0.7575515207006618,0,0.06407932377807912,0.07250554291671255,0.2578054567149861,0.033653089193946176,14.690466230358115,3.912023005428146,14.115978757881363,30,3.4011973816621555,1,,,0.07250554291671255,1.0651402297317467
オムロン,E01753,電気機器,2011,2096213.662332388,2666640.990802882,52649.579013555645,111040.21492711744,1093001.613038355,46,146240.55864449116,40,106.38187818173029,1.2191672353072176,107.20201902686414,0.7077001172147932,0,0.02511651362627519,0.04164048153091844,0.5214170829428753,0.06976414726816259,14.555643257363412,3.8501476017100584,14.796330182480727,31,3.4339872044851463,1,0.07250554291671255,0.06407932377807912,0.04164048153091844,0.6061039942288787
オムロン,E01753,電気機器,2012,4670071.064359733,6218847.284802232,298168.2225242677,180449.70187755788,1905911.6495778246,91,225126.84978880768,52,102.54865945707377,0.25514172558166764,113.34764297847117,0.5197878038395656,0,0.0638466135557932,0.029016583558587324,0.40811191592415846,0.04820630065073166,15.35668484673695,4.5217885770490405,15.643095123553971,32,3.4657359027997265,1,0.04164048153091844,0.02511651362627519,0.029016583558587324,0.4455985290382345
オムロン,E01753,電気機器,2013,1371269.5007097689,1675253.7393616259,103744.35048651487,27539.340553045222,595136.4930996589,24,64072.346984135496,57,89.80014072706231,-0.7213545057104607,125.1032421328801,-0.3406231412065035,0,0.07565569746342117,0.01643890707776566,0.4340040326074607,0.04672483924638567,14.131247511589706,3.2188758248682006,14.331475197954475,33,3.4965075614664802,1,0.029016583558587324,0.0638466135557932,0.01643890707776566,0.2323022647359304
オムロン,E01753,電気機器,2014,5076956.946373663,3543572.018143792,172090.42149591845,236508.04341889825,1462306.7652498987,99,209055.04351306838,54,132.2173431850505,-0.38855197529912316,110.94455589786818,1.1139603672824279,0,0.03389637204208283,0.06674283525435072,0.28802819891832765,0.04117723386691134,15.440222613762328,4.605170185988092,15.080645821039969,34,3.5263605246161616,1,0.01643890707776566,0.07565569746342117,0.06674283525435072,1.0305242342008396
オムロン,E01753,電気機器,2015,1417861.9739456214,1872848.527927759,70954.48228260958,74779.30127182984,772980.5818150777,24,68083.07662496988,50,121.0629384997988,2.298698134681661,110.147798624367,-0.43552935746028254,0,0.050043293061282745,0.039928109591740715,0.5451733638529215,0.048018127205646494,14.164660642793221,3.2188758248682006,14.442971106787972,35,3.5553480614894135,1,0.06674283525435072,0.03389637204208283,0.039928109591740715,0.5655681224752642
オムロン,E01753,電気機器,2016,10459437.936227778,9528412.15692771,272779.9680302194,309138.6978562468,6143371.297731837,191,743787.0178943712,53,155.4936761932682,0.09550141723462541,109.76123098766438,1.4498917485462928,0,0.026079792211912884,0.032443883908976894,0.5873519528667388,0.0711115666472055,16.16301528057104,5.2574953720277815,16.06978864652583,36,3.58351893845611,1,0.039928109591740715,0.050043293061282745,0.032443883908976894,0.5243909913818665
オムロン,E01753,電気機器,2017,6212741.441361533,4180456.833138027,164743.00676293756,141341.44870240934,3447168.956290206,101,456450.27300796594,43,75.3278036114034,-0.2644956605163637,102.22926717245187,0.4214479436869034,0,0.026516958466379352,0.03381004860091152,0.5548547269874398,0.07347002564264675,15.642112812432492,4.624972813284271,15.245931088753606,37,3.6109179126442243,1,0.032443883908976894,0.026079792211912884,0.03381004860091152,0.5288605944092833
オムロン,E01753,電気機器,2018,5901786.659199233,6275676.571518434,320090.32832423825,279014.3364121597,2478383.453492872,122,352333.7808921953,49,74.38547366397114,1.901354543168573,122.15628651771861,-0.47616849068915346,0,0.05423617402796271,0.04445964243575584,0.4199378250363838,0.05969951156113133,15.590765686627229,4.812184355372417,15.652191857332246,38,3.6375861597263857,1,0.03381004860091152,0.026516958466379352,0.04445964243575584,0.693159867727098
オムロン,E01753,電気機器,2019,3036646.3442264553,2903522.805813126,101362.36793613767,175555.8175417099,1394960.6548481565,67,204244.8601994873,78,153.8183974973298,1.4972722579210673,123.75598549918328,0.19698547356686724,0,0.0333797078902049,0.06046304068637954,0.4593754084997026,0.06726000891997712,14.926264288194306,4.219507705176107,14.881435318357203,39,3.6635616461296463,1,0.04445964243575584,0.05423617402796271,0.06046304068637954,0.9024873249527462
オムロン,E01753,電気機器,2020,10030175.047778146,9440422.843003688,209785.5891310371,322855.2438190818,5013934.069295289,161,343898.8861004545,62,128.43201941105758,-0.017409445273780966,108.60923353848315,0.25441963503319864,0,0.020915446453500148,0.03419923547792675,0.4998850015489969,0.03428642914628234,16.12110861220638,5.087596335232384,16.06051132980959,40,3.6888794541139363,1,0.06046304068637954,0.0333797078902049,0.03419923547792675,0.551329589594079
オムロン,E01753,電気機器,2021,9808814.36089495,11132269.679295966,778294.2678860418,278083.64991844154,4853107.184853552,218,436362.7142342954,44,117.75935695163179,1.2995204765023267,101.67474423029421,0.13676662999973632,0,0.07870464937357245,0.024979959876073383,0.49477001055311615,0.04448679505791788,16.098791963982,5.389071729816501,16.225358626927008,41,3.713572066704308,1,0.03419923547792675,0.020915446453500148,0.024979959876073383,0.40214717731352295
オムロン,E01753,電気機器,2022,4579476.810476781,5457159.644128765,310338.40086772613,255038.57087460937,1572561.5171150398,103,209628.70090812515,60,139.07581356074041,0.0852955450836137,117.46913659487416,0.7346965493198885,0,0.0677672174598076,0.04673467288958637,0.343393270060323,0.04577568783153204,15.337095316044868,4.6443908991413725,15.512439000666008,42,3.7376696182833684,1,0.024979959876073383,0.07870464937357245,0.04673467288958637,0.7167741326717642
オムロン,E01753,電気機器,2023,2495006.675299109,3030202.3821284906,169578.88354485293,91796.38156785192,863127.7476167261,41,132072.77462712032,53,145.56414982929596,1.2105145418484915,102.21963251378628,1.3398796233489836,0,0.06796730655020124,0.030293812092963845,0.34594205945891976,0.05293483818486659,14.729801962634761,3.7376696182833684,14.924139968036693,43,3.7612001156935624,1,0.04673467288958637,0.0677672174598076,0.030293812092963845,0.4462218528226275
三菱電機,E01759,電気機器,2010,8864598.111607024,10489057.14116129,559157.9533425455,293660.5733035458,4033200.7113553192,209,547492.3744602744,49,117.43883179612223,-0.5811560833991853,116.5132929905726,0.7575515207006618,0,0.06307764281049603,0.027996851323381516,0.4549784051771477,0.06176166900825489,15.997576162182728,5.3471075307174685,16.1658430946514,30,3.4011973816621555,1,,,0.027996851323381516,0.4478817613471021
三菱電機,E01759,電気機器,2011,7050496.195956189,7461965.698148242,329372.0154432899,285915.1606383383,2465739.663822798,159,532885.4754319198,41,100.6641737107751,1.2191672353072176,107.20201902686414,0.7077001172147932,0,0.04671614681987931,0.038316332747186294,0.3497256923898523,0.07558127266809336,15.76860855471686,5.075173815233827,15.825329435881628,31,3.4339872044851463,1,0.027996851323381516,0.06307764281049603,0.038316332747186294,0.6041952523426596
三菱電機,E01759,電気機器,2012,3520829.3947372967,4116787.1705295215,207076.7158377107,159077.02848888063,1320080.582440757,60,180064.9793156395,58,168.15711777725213,0.25514172558166764,113.34764297847117,0.5197878038395656,0,0.05881475431534266,0.03864106204655204,0.37493454934622117,0.051142773229736364,15.074207143324335,4.110873864173311,15.230583604135134,32,3.4657359027997265,1,0.038316332747186294,0.04671614681987931,0.03864106204655204,0.5824833735277736
三菱電機,E01759,電気機器,2013,9654237.390189933,10171549.751718195,350062.011402883,438873.6606516734,2557431.818739164,178,642489.2687024996,46,86.81232289181183,-0.7213545057104607,125.1032421328801,-0.3406231412065035,0,0.03625993408434263,0.04314717730968559,0.2649025205593013,0.0665499762161804,16.082907484727258,5.187385805840755,16.13510514104844,33,3.4965075614664802,1,0.03864106204655204,0.05881475431534266,0.04314717730968559,0.6939320608987966
三菱電機,E01759,電気機器,2014,9341111.332179014,6778956.443839553,596899.5445685944,528965.4370450878,2691327.900019993,218,423863.85436089983,49,112.3107130896203,-0.38855197529912316,110.94455589786818,1.1139603672824279,0,0.06390027089307315,0.07803051124864369,0.28811645684477494,0.04537616984616589,16.049935789441385,5.389071729816501,15.729333731232343,34,3.5263605246161616,1,0.04314717730968559,0.03625993408434263,0.07803051124864369,1.2523846951580149
三菱電機,E01759,電気機器,2015,4322838.526030948,5306373.201947266,278961.78677363374,177048.38879263483,1219728.1722714063,82,172332.50941800486,49,76.99976019248707,2.298698134681661,110.147798624367,-0.43552935746028254,0,0.06453208582596882,0.03336523498340897,0.28215908711984905,0.03986559025516816,15.279422810657671,4.418840607796598,15.484419147042646,35,3.5553480614894135,1,0.07803051124864369,0.06390027089307315,0.03336523498340897,0.5098015324884524
三菱電機,E01759,電気機器,2016,5195807.5423860615,6938996.529519094,82050.06642751978,117635.50367607702,2526284.7838086723,118,323738.8748153066,52,90.31747888432803,0.09550141723462541,109.76123098766438,1.4498917485462928,0,0.015791590769707393,0.016952812006122985,0.4862160045767459,0.06230771101014196,15.463362616515063,4.77912349311153,15.7526677297402,36,3.58351893845611,1,0.03336523498340897,0.06453208582596882,0.016952812006122985,0.2621474794202899
三菱電機,E01759,電気機器,2017,1838945.2641807783,2427021.409133015,128506.83435784893,79755.55534498427,605459.9707679742,39,138687.2379057732,49,92.55105805199496,-0.2644956605163637,102.22926717245187,0.4214479436869034,0,0.06988072829622623,0.03286149641896842,0.3292430626192114,0.07541672969127562,14.424702739239631,3.6888794541139363,14.702175305903047,37,3.6109179126442243,1,0.016952812006122985,0.015791590769707393,0.03286149641896842,0.4740173174102071
三菱電機,E01759,電気機器,2018,11536401.143456014,8351664.002114744,762991.0965196289,376345.66966422164,2379182.3397533316,261,552274.974685586,30,79.4277771693106,1.901354543168573,122.15628651771861,-0.47616849068915346,0,0.06613770508079403,0.04506235758154618,0.20623262923749103,0.04787237959377498,16.26101791108676,5.568344503761097,15.937971358663468,38,3.6375861597263857,1,0.03286149641896842,0.06988072829622623,0.04506235758154618,0.7327598037493187
三菱電機,E01759,電気機器,2019,9180439.326079056,13538576.955507927,411408.00108483114,207044.44563749642,3448066.2240990396,179,604385.6106164809,60,151.64038136958308,1.4972722579210673,123.75598549918328,0.19698547356686724,0,0.044813541756780234,0.01643890707776566,0.37558836801023776,0.06583406187322548,16.032585618322926,5.19295685089021,16.421053720627295,39,3.6635616461296463,1,0.04506235758154618,0.06613770508079403,0.01643890707776566,0.2635581851959327
三菱電機,E01759,電気機器,2020,9023648.601174435,10330797.505858809,650415.2953781504,245043.71183528032,1987528.972031864,203,429354.1911985092,58,112.12460986122582,-0.017409445273780966,108.60923353848315,0.25441963503319864,0,0.07207896984081344,0.023719728481398552,0.22025779813424756,0.04758099635469276,16.015359311489085,5.318119993844216,16.150640041006326,40,3.6888794541139363,1,0.01643890707776566,0.044813541756780234,0.023719728481398552,0.37987997440055915
三菱電機,E01759,電気機器,2021,9134412.35492853,12850446.729675852,132096.52912236634,481799.3045287388,4217327.728318455,191,721539.1099137099,53,128.35378347237304,1.2995204765023267,101.67474423029421,0.13676662999973632,0,0.014461415139759133,0.03749280586612665,0.4616966658006159,0.07899130035709401,16.027559416762653,5.2574953720277815,16.368889133656534,41,3.713572066704308,1,0.023719728481398552,0.07207896984081344,0.03749280586612665,0.6009181737204922
三菱電機,E01759,電気機器,2022,11282453.554885276,10292529.309774535,659858.280644499,676752.8845650654,2982607.159796671,214,824990.2302488075,43,73.84637341993937,0.0852955450836137,117.46913659487416,0.7346965493198885,0,0.058485353157849425,0.06575185400952627,0.26435802685003823,0.07312152682353287,16.23875929411247,5.3706380281276624,16.146928880304877,42,3.7376696182833684,1,0.03749280586612665,0.014461415139759133,0.06575185400952627,1.067728530402321
三菱電機,E01759,電気機器,2023,3578296.33276373,4198622.761565812,45772.27709577719,164457.99514005278,847655.0612456411,61,260981.8174534938,53,151.18277312220084,1.2105145418484915,102.21963251378628,1.3398796233489836,0,0.012791639607003859,0.0391695097367406,0.2368878880947646,0.07293465749716768,15.090397360404951,4.127134385045092,15.25026711556517,43,3.7612001156935624,1,0.06575185400952627,0.058485353157849425,0.0391695097367406,0.5910834663396664
トヨタ自動車,E02144,輸送用機器,2010,8296400.182521206,8366743.241452583,567382.775545091,208250.17145229064,4510988.020683422,143,281450.969461921,20,54.179559311455094,-0.5811560833991853,116.5132929905726,0.7575515207006618,0,0.06838903175626083,0.024890230934842876,0.5437283546407438,0.033924468838289625,15.93133226573691,4.969813299576001,15.93977526775687,30,3.4011973816621555,0,,,0.0,0.39653453919390524
トヨタ自動車,E02144,輸送用機器,2011,5237833.876555934,4365560.297016895,81072.51920648676,153579.68140110825,2492291.3112686942,121,360403.8864132381,22,57.30646016932372,1.2191672353072176,107.20201902686414,0.7077001172147932,0,0.015478253246892757,0.03517983281689028,0.47582481040950203,0.06880781157004101,15.471418588494538,4.804021044733257,15.289257100305038,31,3.4339872044851463,0,0.024890230934842876,0.06838903175626083,0.0,0.5442819193833665
トヨタ自動車,E02144,輸送用機器,2012,3438736.4041581466,2624876.6496637887,258266.42834027126,116451.41165530423,1329573.7349242803,75,255425.48854407744,16,41.239912561052655,0.25514172558166764,113.34764297847117,0.5197878038395656,0,0.07510503800988454,0.044364527251297727,0.38664601721625114,0.07427887994997667,15.050614637496826,4.330733340286331,14.780544462299497,32,3.4657359027997265,0,0.03517983281689028,0.015478253246892757,0.0,0.6677134032340084
トヨタ自動車,E02144,輸送用機器,2013,2122419.938809823,1602323.368893458,87371.35198765548,97555.33074167046,738524.2249011938,33,145629.61126513567,30,50.30751186994995,-0.7213545057104607,125.1032421328801,-0.3406231412065035,0,0.04116591179248448,0.060883672194733576,0.34796329010899313,0.06861489029678054,14.56806747622527,3.5263605246161616,14.286965239482676,33,3.4965075614664802,0,0.044364527251297727,0.07510503800988454,0.0,0.886957444733259
トヨタ自動車,E02144,輸送用機器,2014,3635564.647539409,4490729.804055235,58899.63220602463,99463.52755909557,1757082.20257054,60,252342.85689551986,13,36.705094763270324,-0.38855197529912316,110.94455589786818,1.1139603672824279,0,0.016200958562485903,0.022148633273210438,0.48330379814859104,0.06940953644334405,15.106274993210778,4.110873864173311,15.317525786388934,34,3.5263605246161616,0,0.060883672194733576,0.04116591179248448,0.0,0.334583344948895
トヨタ自動車,E02144,輸送用機器,2015,5578305.172572133,7838882.097526408,149783.0267564096,313809.7301346889,3140229.3145156587,103,338791.91559190006,15,37.811024134109566,2.298698134681661,110.147798624367,-0.43552935746028254,0,0.02685099185553258,0.040032459505126745,0.5629360921227105,0.06073384390257095,15.534395555707476,4.6443908991413725,15.874606792558504,35,3.5553480614894135,0,0.022148633273210438,0.016200958562485903,0.0,0.6218800610204804
トヨタ自動車,E02144,輸送用機器,2016,4708513.505778859,2370742.0520834513,131659.63624657318,144883.36457233407,1920648.107698319,96,176862.15876778628,19,45.04964405301905,0.09550141723462541,109.76123098766438,1.4498917485462928,0,0.027962038568007608,0.06111308670000937,0.40790965244998584,0.03756220695782641,15.364882812310611,4.574710978503383,14.678713566249982,36,3.58351893845611,0,0.040032459505126745,0.02685099185553258,0.0,0.9389954154442222
トヨタ自動車,E02144,輸送用機器,2017,4903775.57419612,2598617.050399953,81993.2121346344,231711.01085525358,2596896.9223317667,79,286765.80131990986,28,51.67694893523434,-0.2644956605163637,102.22926717245187,0.4214479436869034,0,0.01672042508757665,0.0891670478416937,0.5295709159278722,0.05847857369918884,15.405515991724748,4.382026634673881,14.770489957788433,37,3.6109179126442243,0,0.06111308670000937,0.027962038568007608,0.0,1.373664381460098
トヨタ自動車,E02144,輸送用機器,2018,5323856.809373005,6217504.209879158,381453.9193781297,232649.41988795254,2233145.7614129847,115,252157.77279750764,25,39.97642035424993,1.901354543168573,122.15628651771861,-0.47616849068915346,0,0.07164992091946475,0.037418457959109974,0.4194601472904723,0.04736374057874116,15.487708562826102,4.7535901911063645,15.642879131761061,38,3.6375861597263857,0,0.0891670478416937,0.01672042508757665,0.0,0.579526171741056
トヨタ自動車,E02144,輸送用機器,2019,1807013.8903636807,2277503.9607535335,26563.798244742633,76314.40817828888,563036.4874143337,39,62682.81568784183,25,65.0912176462474,1.4972722579210673,123.75598549918328,0.19698547356686724,0,0.014700384090238723,0.03350791458252373,0.31158392883245445,0.034688618622199,14.407186256519742,3.6888794541139363,14.638590647194226,39,3.6635616461296463,0,0.037418457959109974,0.07164992091946475,0.0,0.4827547664579733
トヨタ自動車,E02144,輸送用機器,2020,3491734.9399551973,4531057.897020128,218059.70502081083,162791.15154474214,940242.3169562522,73,122897.68377328037,20,40.85291968952659,-0.017409445273780966,108.60923353848315,0.25441963503319864,0,0.06245024572902111,0.03592784626561549,0.26927654393157247,0.03519673912443574,15.06590928812233,4.30406509320417,15.326466001546036,40,3.6888794541139363,0,0.03350791458252373,0.014700384090238723,0.0,0.5412856727553675
トヨタ自動車,E02144,輸送用機器,2021,10000680.842977455,5520537.358019521,239216.86076781034,428940.6029750374,2468453.081512737,180,726731.3014114044,21,38.38637229640144,1.2995204765023267,101.67474423029421,0.13676662999973632,0,0.023920057496464357,0.07769906716633809,0.24682850300598297,0.07266818257896111,16.118163732938434,5.198497031265826,15.523985760982626,41,3.713572066704308,0,0.03592784626561549,0.06245024572902111,0.0,1.252366286483618
トヨタ自動車,E02144,輸送用機器,2022,7558923.46810014,7600641.999833255,242952.3447376294,241018.18641131883,3744947.8541439273,144,385342.3152652125,24,53.82715422726794,0.0852955450836137,117.46913659487416,0.7346965493198885,0,0.03214113038224649,0.031710240584493565,0.4954340217820968,0.050978464974730645,15.83823933961665,4.976733742420574,15.84374327535113,42,3.7376696182833684,0,0.07769906716633809,0.023920057496464357,0.0,0.5022343798940344
トヨタ自動車,E02144,輸送用機器,2023,8502999.93550504,4311602.051051083,560923.0813258592,277278.7312256103,2625399.355329075,137,409830.45313786296,17,45.39019318292143,1.2105145418484915,102.21963251378628,1.3398796233489836,0,0.06596766853821491,0.06430990799765837,0.3087615400732257,0.04819833661606642,15.955929592782963,4.927253685157205,15.276820098594824,43,3.7612001156935624,0,0.031710240584493565,0.03214113038224649,0.0,1.026124364128987
キーエンス,E02331,電気機器,2010,8185481.6727988785,9018701.811383033,329950.92062149424,364889.4838350972,1683613.5001126607,161,590913.041600672,35,67.83266617259281,-0.5811560833991853,116.5132929905726,0.7575515207006618,0,0.04030928585643921,0.04045920260658233,0.2056828867759201,0.072190381118845,15.917872615290321,5.087596335232384,16.01481095833085,30,3.4011973816621555,1,,,0.04045920260658233,0.6440244332077997
キーエンス,E02331,電気機器,2011,7060337.532662395,3957400.141296491,469902.5114291454,238468.41026733106,4120546.2637592326,156,236754.71083178866,57,117.77049845817248,1.2191672353072176,107.20201902686414,0.7077001172147932,0,0.06655524743049346,0.06025885726814726,0.5836188772416109,0.03353305840358462,15.770003417485583,5.056245805348308,15.19109783764485,31,3.4339872044851463,1,0.04045920260658233,0.04030928585643921,0.06025885726814726,0.9502823850524582
キーエンス,E02331,電気機器,2012,3267968.0496032485,2165364.492669498,172720.54990886213,74094.89661412145,1355545.744935975,66,166603.87776344662,47,83.97497933804577,0.25514172558166764,113.34764297847117,0.5197878038395656,0,0.05285258218171119,0.0342182098510242,0.414797734971903,0.05098087717952853,14.999678958171046,4.204692619390966,14.588099262139519,32,3.4657359027997265,1,0.06025885726814726,0.06655524743049346,0.0342182098510242,0.5132621622886889
キーエンス,E02331,電気機器,2013,8637661.87605168,5037823.269188428,297863.8647117706,212704.65393141846,3404472.437203361,181,347390.90163843887,49,104.03215916680684,-0.7213545057104607,125.1032421328801,-0.3406231412065035,0,0.03448431635621349,0.04222153945580633,0.3941428231455112,0.04021816396883934,15.971642487959345,5.204006687076795,15.432484655721714,33,3.4965075614664802,1,0.0342182098510242,0.05285258218171119,0.04222153945580633,0.6743473334794083
キーエンス,E02331,電気機器,2014,6137322.1895910045,3094184.420132772,300827.0948914737,339809.4227437547,3312646.0526920916,130,309947.8223143962,48,126.34599131289616,-0.38855197529912316,110.94455589786818,1.1139603672824279,0,0.04901601799587468,0.09771723664265929,0.5397543016904656,0.050502126618034264,15.629899079519173,4.875197323201151,14.94503491407014,34,3.5263605246161616,1,0.04222153945580633,0.03448431635621349,0.09771723664265929,1.5273105470542576
キーエンス,E02331,電気機器,2015,10500725.679514557,12213186.026022878,737311.3358197722,465768.9697401647,4208214.159657395,172,364784.7729215732,48,107.10170703590306,2.298698134681661,110.147798624367,-0.43552935746028254,0,0.07021527447937843,0.03813656557328624,0.40075460383343137,0.0347390060510977,16.166954925074325,5.153291594497779,16.318026747841273,35,3.5553480614894135,1,0.09771723664265929,0.04901601799587468,0.03813656557328624,0.6165521366204599
キーエンス,E02331,電気機器,2016,8709212.554754125,11141721.042109031,537029.0475397892,311598.205614884,2488209.5967500224,176,278335.2211705108,51,139.9457609739014,0.09550141723462541,109.76123098766438,1.4498917485462928,0,0.061662181760237265,0.02796679296109007,0.28569857275923016,0.03195871261846458,15.97989193771005,5.176149732573829,16.226207272641062,36,3.58351893845611,1,0.03813656557328624,0.07021527447937843,0.02796679296109007,0.4469063293625294
キーエンス,E02331,電気機器,2017,8815716.170892715,10688948.100746313,166898.97112523706,263911.3963374232,5037047.579088116,186,636887.9838246426,49,101.13910319668767,-0.2644956605163637,102.22926717245187,0.4214479436869034,0,0.018931981008678073,0.02469011860194144,0.571371341981175,0.0722446108153399,15.992046615084872,5.231108616854587,16.184720877855234,37,3.6109179126442243,1,0.02796679296109007,0.061662181760237265,0.02469011860194144,0.39484552761422165
キーエンス,E02331,電気機器,2018,10585151.072661376,6956627.290457944,735938.2169376177,479170.0850917246,3145203.7251344016,173,779668.2904160442,57,111.31426486895987,1.901354543168573,122.15628651771861,-0.47616849068915346,0,0.06952552796703583,0.06887965462070651,0.29713356980398936,0.07365679384866973,16.17496273478382,5.159055299214529,15.755205330157173,38,3.6375861597263857,1,0.02469011860194144,0.018931981008678073,0.06887965462070651,1.114125846674708
キーエンス,E02331,電気機器,2019,1995759.2002196114,1170220.0268796193,135401.26775384624,83482.89195031434,831054.970965111,47,62587.09649239203,43,124.1337844657055,1.4972722579210673,123.75598549918328,0.19698547356686724,0,0.06784449132888719,0.0713394832020784,0.41641044213834144,0.0313600440802202,14.506535087403275,3.871201010907891,13.972702346255476,39,3.6635616461296463,1,0.06887965462070651,0.06952552796703583,0.0713394832020784,1.034888716188167
キーエンス,E02331,電気機器,2020,1751683.8868302528,2548450.005451904,49408.165080358456,68444.42959205588,402225.32258727116,41,114790.79260423678,48,118.75406031205038,-0.017409445273780966,108.60923353848315,0.25441963503319864,0,0.028206096688920653,0.026857277735734496,0.22962209426674304,0.06553168266675995,14.376088104307634,3.7376696182833684,14.750995891325122,40,3.6888794541139363,1,0.0713394832020784,0.06784449132888719,0.026857277735734496,0.386102590970779
キーエンス,E02331,電気機器,2021,11945396.449784113,7924032.566216936,271634.3345848158,590035.0768427892,4842334.315756504,200,517614.13223217864,49,131.15964847965645,1.2995204765023267,101.67474423029421,0.13676662999973632,0,0.022739666760053408,0.074461465410721,0.40537242410602614,0.04333168299671907,16.2958565277923,5.303304908059076,15.885410796612545,41,3.713572066704308,1,0.026857277735734496,0.028206096688920653,0.074461465410721,1.2134133571822783
キーエンス,E02331,電気機器,2022,8320107.247755532,11405678.073210165,589041.4937811967,227114.78562792603,4335308.561215951,136,495880.31380721496,48,98.61414076470774,0.0852955450836137,117.46913659487416,0.7346965493198885,0,0.07079734386117427,0.019912431700257856,0.5210640238303974,0.059600230987525524,15.934185703069543,4.919980925828125,16.24962186596313,42,3.7376696182833684,1,0.074461465410721,0.022739666760053408,0.019912431700257856,0.3172883845115975
キーエンス,E02331,電気機器,2023,4949792.369224465,2793654.6091374136,183813.88297929807,136528.48955130528,1394494.5416860974,94,350375.9093899288,54,93.92870458838699,1.2105145418484915,102.21963251378628,1.3398796233489836,0,0.037135675452200444,0.04887092667244956,0.28172788627588174,0.07078598115921088,15.414856188053912,4.553876891600541,14.84286119238074,43,3.7612001156935624,1,0.019912431700257856,0.07079734386117427,0.04887092667244956,0.7533383064327381
デンソー,E02463,輸送用機器,2010,3037951.5453686765,3992797.861503458,46967.77983950384,161486.32450434382,1390402.2803005918,51,181516.8293250729,31,85.40028725065925,-0.5811560833991853,116.5132929905726,0.7575515207006618,0,0.015460345281380706,0.040444402673451986,0.4576775697493414,0.05974974472578185,14.926694012494096,3.9512437185814275,15.200002761549198,30,3.4011973816621555,0,,,0.0,0.603701223224716
デンソー,E02463,輸送用機器,2011,7043311.393056216,9412368.297465984,137741.75280549447,421787.3405670062,3799732.3793550944,130,215476.2209087257,23,65.7924617180767,1.2191672353072176,107.20201902686414,0.7077001172147932,0,0.019556391180047757,0.04481203106773463,0.5394809582181946,0.03059302775128714,15.767588985877566,4.875197323201151,16.0575351586913,31,3.4339872044851463,0,0.040444402673451986,0.015460345281380706,0.0,0.7065776874984159
デンソー,E02463,輸送用機器,2012,2399560.969025703,2972832.032375864,114997.81160699432,104900.22099549958,933065.8819623787,50,98819.76065718858,29,60.40785376808539,0.25514172558166764,113.34764297847117,0.5197878038395656,0,0.04792452164851099,0.03528629261696435,0.3888485827227106,0.041182433758835686,14.690796349011896,3.9318256327243257,14.90502560269695,32,3.4657359027997265,0,0.04481203106773463,0.019556391180047757,0.0,0.5183837387474654
デンソー,E02463,輸送用機器,2013,4960086.63240419,5131233.820371382,116316.78291533659,119087.23084650404,2751008.265370584,85,237909.87449011585,18,51.38107154635379,-0.7213545057104607,125.1032421328801,-0.3406231412065035,0,0.023450554705121553,0.023208303307816307,0.5546290759113517,0.047964862737649244,15.4169337647591,4.454347296253507,15.45085669902251,33,3.4965075614664802,0,0.03528629261696435,0.04792452164851099,0.0,0.35780087488904355
デンソー,E02463,輸送用機器,2014,6027035.490485005,8552697.03353325,446632.693374421,210054.82476093914,2125315.7427587933,100,249244.40950028723,16,29.33124573903641,-0.38855197529912316,110.94455589786818,1.1139603672824279,0,0.0741048719689022,0.0245600684716599,0.35263036796681707,0.04135439552227195,15.611765821030058,4.61512051684126,15.961757233689921,34,3.5263605246161616,0,0.023208303307816307,0.023450554705121553,0.0,0.38342603752801796
デンソー,E02463,輸送用機器,2015,2736104.9626600374,2848440.058442631,166318.2741277904,91693.82519712583,1404134.9822482276,51,155625.16599565707,25,47.431319032526936,2.298698134681661,110.147798624367,-0.43552935746028254,0,0.060786510896897766,0.03219089161639544,0.513187542660326,0.05687836107148408,14.822045920534052,3.9512437185814275,14.862282054480415,35,3.5553480614894135,0,0.0245600684716599,0.0741048719689022,0.0,0.4771348737611478
デンソー,E02463,輸送用機器,2016,5560693.462136298,4647256.823331776,177410.7446392226,114182.18961393497,2785540.8738474366,115,329340.5630938968,22,58.529895397332645,0.09550141723462541,109.76123098766438,1.4498917485462928,0,0.031904428080282134,0.024569804070366373,0.5009340818397301,0.05922652729132299,15.531233381855257,4.7535901911063645,15.35178767301981,36,3.58351893845611,0,0.03219089161639544,0.060786510896897766,0.0,0.3815993611633174
デンソー,E02463,輸送用機器,2017,9354372.519845527,13637879.767243497,548447.2734797766,393922.9024398866,3847049.824867996,159,657867.2593846986,25,71.53291992164418,-0.2644956605163637,102.22926717245187,0.4214479436869034,0,0.058630044112123234,0.02888446805243442,0.41125685519861294,0.07032724621443259,16.05135444113241,5.075173815233827,16.428361756012986,37,3.6109179126442243,0,0.024569804070366373,0.031904428080282134,0.0,0.4636348345531905
デンソー,E02463,輸送用機器,2018,5979885.430061828,7043806.085863549,309914.4629867357,173514.98740672052,2040342.5237909239,134,227942.9186875936,14,24.27550607717483,1.901354543168573,122.15628651771861,-0.47616849068915346,0,0.05182615396421255,0.024633697363553714,0.34120093899020204,0.038118275233449884,15.603911966890744,4.90527477843843,15.767659219239116,38,3.6375861597263857,0,0.02888446805243442,0.058630044112123234,0.0,0.38438204507992074
デンソー,E02463,輸送用機器,2019,5081224.089421631,6733397.955429508,174153.53203767084,168024.19559342024,2512145.700382089,93,168970.28420582347,21,33.44461477129203,1.4972722579210673,123.75598549918328,0.19698547356686724,0,0.03427393261403943,0.024953848963870182,0.4943977388464348,0.03325385403835958,15.44106275301244,4.543294782270004,15.722590470998286,39,3.6635616461296463,0,0.024633697363553714,0.05182615396421255,0.0,0.38531394778031397
デンソー,E02463,輸送用機器,2020,5718407.349310689,5223909.557871655,111231.08108783922,205329.54530450606,1988995.5184621303,109,206172.37681750208,18,40.941428828724845,-0.017409445273780966,108.60923353848315,0.25441963503319864,0,0.019451409158748947,0.0393057236213259,0.3478233355834451,0.03605416057713248,15.559200889150445,4.700480365792417,15.468756636976831,40,3.6888794541139363,0,0.024953848963870182,0.03427393261403943,0.0,0.6115656499176356
デンソー,E02463,輸送用機器,2021,10018052.931642778,11670349.651873711,509787.23713470926,402513.9161582644,4252525.2663547145,225,551181.6627910715,21,31.9388057453527,1.2995204765023267,101.67474423029421,0.13676662999973632,0,0.05088685801654209,0.03449030476080376,0.42448620459199127,0.05501884114128829,16.119899316539442,5.420534999272286,16.272561965414045,41,3.713572066704308,0,0.0393057236213259,0.019451409158748947,0.0,0.5559802401409176
デンソー,E02463,輸送用機器,2022,2711523.2518923185,3022478.281832841,129518.98005897208,128153.42996372904,1344904.9657784167,44,171989.36152030734,16,25.194027376739683,0.0852955450836137,117.46913659487416,0.7346965493198885,0,0.047766132917570724,0.042400116068333285,0.4959961028694237,0.06342905649076745,14.813021120514081,3.8066624897703196,14.92158767594745,42,3.7376696182833684,0,0.03449030476080376,0.05088685801654209,0.0,0.6280738148324694
デンソー,E02463,輸送用機器,2023,9312684.432435082,9513205.148008024,551718.202388403,416037.7899476705,4623820.153685257,188,684490.9977775608,18,33.63789500416654,1.2105145418484915,102.21963251378628,1.3398796233489836,0,0.059243734327218,0.0437326624912304,0.4965077671461718,0.07350093334995353,16.046887946299083,5.241747015059643,16.06819140697321,43,3.7612001156935624,0,0.042400116068333285,0.047766132917570724,0.0,0.7017731345900912
ソニーグループ,E02683,電気機器,2010,4735516.349031248,3573575.8695893576,63909.07368668589,233482.09719001607,2617135.477616207,110,363024.42034975934,56,131.88548532640908,-0.5811560833991853,116.5132929905726,0.7575515207006618,0,0.013495692755819515,0.06533570454650671,0.5526610584190251,0.07665994446920742,15.370601328082678,4.709530201312334,15.089077296587734,30,3.4011973816621555,1,,,0.06533570454650671,1.0042490670737534
ソニーグループ,E02683,電気機器,2011,4469118.162366861,3754654.8038882148,72751.63760772484,242379.77458246113,2128247.269066752,96,164846.48113245075,39,69.32322709611175,1.2191672353072176,107.20201902686414,0.7077001172147932,0,0.01627874559691555,0.06455447630803755,0.4762119039474277,0.03688568418722397,15.312701668015109,4.574710978503383,15.138506909231065,31,3.4339872044851463,1,0.06533570454650671,0.013495692755819515,0.06455447630803755,0.9885034370399285
ソニーグループ,E02683,電気機器,2012,2504758.0230644546,2049336.2710410329,58561.503916017544,123364.62022225528,1127606.5953632633,41,160025.93245324492,42,98.90689889891038,0.25514172558166764,113.34764297847117,0.5197878038395656,0,0.023380104336134744,0.060197353633714715,0.4501858403007286,0.06388877926717275,14.733702690256196,3.7376696182833684,14.53302652846581,32,3.4657359027997265,1,0.06455447630803755,0.01627874559691555,0.060197353633714715,0.8869299111793661
ソニーグループ,E02683,電気機器,2013,4467746.08299869,6592996.772022343,115933.89434547744,127097.13686777226,1396493.3190913508,99,325155.4190155294,45,68.9461258380084,-0.7213545057104607,125.1032421328801,-0.3406231412065035,0,0.02594907861631747,0.01927759731464063,0.31257222168589394,0.0727784016761511,15.312394607430706,4.605170185988092,15.701518548488513,33,3.4965075614664802,1,0.060197353633714715,0.023380104336134744,0.01927759731464063,0.29518617716492385
ソニーグループ,E02683,電気機器,2014,3444346.9918136685,2049956.010430596,46978.91553202734,76387.12398939335,1209210.9607758683,56,141905.43044970566,44,109.41824157228648,-0.38855197529912316,110.94455589786818,1.1139603672824279,0,0.013639425889343961,0.03726281129971571,0.3510711794281625,0.04119951642124866,15.052244892013697,4.04305126783455,14.533328892557819,34,3.5263605246161616,1,0.01927759731464063,0.02594907861631747,0.03726281129971571,0.5608889610482161
ソニーグループ,E02683,電気機器,2015,1335702.724728603,761310.8920549257,24220.71114383864,32422.764693501565,469765.7132462318,25,55775.01268326785,52,133.22391139079812,2.298698134681661,110.147798624367,-0.43552935746028254,0,0.01813330967694175,0.04258807411251695,0.3516992999633822,0.0417570554066217,14.104968096888701,3.258096538021482,13.54279708437037,35,3.5553480614894135,1,0.03726281129971571,0.013639425889343961,0.04258807411251695,0.6007034266649832
ソニーグループ,E02683,電気機器,2016,5978747.250233397,6330511.679618611,291393.135114976,299591.8395714315,1829507.8363528864,138,355301.4929960017,51,143.21523135807945,0.09550141723462541,109.76123098766438,1.4498917485462928,0,0.04873815916931438,0.04732505913163101,0.30600186958588466,0.059427414828772285,15.603721614053208,4.9344739331306915,15.660891624916434,36,3.58351893845611,1,0.04258807411251695,0.01813330967694175,0.04732505913163101,0.7384470480585769
ソニーグループ,E02683,電気機器,2017,4833823.942847284,2727436.9245971213,354861.1831644959,205250.9284915873,2761456.1674572206,84,311331.2665908289,57,90.66056197986414,-0.2644956605163637,102.22926717245187,0.4214479436869034,0,0.07341210341133583,0.0752541430529711,0.5712777709960679,0.06440682785965192,15.391148418988045,4.442651256490317,14.81887287070138,37,3.6109179126442243,1,0.04732505913163101,0.04873815916931438,0.0752541430529711,1.1582476848720362
ソニーグループ,E02683,電気機器,2018,2587909.775819052,3729743.3119610953,67090.12363731401,102219.52853526671,1549703.920308145,60,141499.07511269968,42,65.30745798440928,1.901354543168573,122.15628651771861,-0.47616849068915346,0,0.025924444609387722,0.02740658538282083,0.5939640390376629,0.05467697383998497,14.766361071483258,4.110873864173311,15.131849972083382,38,3.6375861597263857,1,0.0752541430529711,0.07341210341133583,0.02740658538282083,0.4046955354991676
ソニーグループ,E02683,電気機器,2019,8287119.142446434,7404172.731474156,357080.6838374443,264955.5281783503,2647253.862832439,167,493442.3366319227,64,133.3174338417938,1.4972722579210673,123.75598549918328,0.19698547356686724,0,0.04308863885019888,0.03578462277791812,0.3194419939340881,0.05954328979108341,15.93021295675769,5.123963979403259,15.81755428188397,39,3.6635616461296463,1,0.02740658538282083,0.025924444609387722,0.03578462277791812,0.5700566614294775
ソニーグループ,E02683,電気機器,2020,3473053.747891487,3715553.838671246,123669.37999145513,201435.22881172787,1837512.429650545,65,153995.72297636158,52,132.0869690206954,-0.017409445273780966,108.60923353848315,0.25441963503319864,0,0.03560825399449565,0.05421405194434351,0.5290768767302004,0.044340149665075976,15.060544807532601,4.189654742026425,15.128038306764342,40,3.6888794541139363,1,0.03578462277791812,0.04308863885019888,0.05421405194434351,0.8164931585056854
ソニーグループ,E02683,電気機器,2021,5300901.24011432,7780719.607399026,207290.35206829224,179237.12551749081,3044792.38171965,110,307949.0224579172,55,104.69562828186032,1.2995204765023267,101.67474423029421,0.13676662999973632,0,0.03910473760567963,0.023036060231118777,0.5743914560562507,0.05809371058029294,15.483387409370875,4.709530201312334,15.867159386401516,41,3.713572066704308,1,0.05421405194434351,0.03560825399449565,0.023036060231118777,0.3566762449440136
ソニーグループ,E02683,電気機器,2022,4020518.8914982034,4549014.575700271,109012.50683700986,144213.83143297798,1154070.8856261324,78,176226.75521283425,53,125.78658194499623,0.0852955450836137,117.46913659487416,0.7346965493198885,0,0.0271140392021358,0.031702213530669515,0.2870452587765556,0.043831843592498386,15.206921529752536,4.3694478524670215,15.330421190701827,42,3.7376696182833684,1,0.023036060231118777,0.03910473760567963,0.031702213530669515,0.4820930734803504
ソニーグループ,E02683,電気機器,2023,3427697.7585325963,4207231.188632117,38939.97868534464,105080.91574570705,1272003.1619751465,65,196651.98572727197,57,122.02252162840854,1.2105145418484915,102.21963251378628,1.3398796233489836,0,0.011494314463981099,0.024976263731271604,0.371095484953053,0.05737144858753796,15.047399386356672,4.189654742026425,15.252315314386315,43,3.7612001156935624,1,0.031702213530669515,0.0271140392021358,0.024976263731271604,0.3758278155434187
